Finding_UID,Check_ID,Resource_UID,Region,Scanner_Severity,Raw_Status,Audit_Finding_ID,Disposition,Reason
prowler-aws-cloudtrail_bucket_requires_mfa_delete-623463264556-us-east-1-ecommerce-security-audit-trail,cloudtrail_bucket_requires_mfa_delete,arn:aws:cloudtrail:us-east-1:623463264556:trail/ecommerce-security-audit-trail,us-east-1,medium,FAIL,,Retained scanner observation; no additional confirmed finding,Additional log/security hardening result retained; does not establish disabled logging or a public/unencrypted audited bucket
prowler-aws-cloudtrail_cloudwatch_logging_enabled-623463264556-us-east-1-ecommerce-security-audit-trail,cloudtrail_cloudwatch_logging_enabled,arn:aws:cloudtrail:us-east-1:623463264556:trail/ecommerce-security-audit-trail,us-east-1,low,FAIL,,Retained scanner observation; no additional confirmed finding,EV-007 AttachRolePolicy denial qualifies missing integration; logging remains operational
prowler-aws-cloudtrail_insights_exist-623463264556-us-east-1-ecommerce-security-audit-trail,cloudtrail_insights_exist,arn:aws:cloudtrail:us-east-1:623463264556:trail/ecommerce-security-audit-trail,us-east-1,low,FAIL,,Retained scanner observation; no additional confirmed finding,Additional log/security hardening result retained; does not establish disabled logging or a public/unencrypted audited bucket
prowler-aws-cloudtrail_kms_encryption_enabled-623463264556-us-east-1-ecommerce-security-audit-trail,cloudtrail_kms_encryption_enabled,arn:aws:cloudtrail:us-east-1:623463264556:trail/ecommerce-security-audit-trail,us-east-1,medium,FAIL,,Retained scanner observation; no additional confirmed finding,Additional log/security hardening result retained; does not establish disabled logging or a public/unencrypted audited bucket
prowler-aws-cloudtrail_log_file_validation_enabled-623463264556-us-east-1-ecommerce-security-audit-trail,cloudtrail_log_file_validation_enabled,arn:aws:cloudtrail:us-east-1:623463264556:trail/ecommerce-security-audit-trail,us-east-1,medium,FAIL,F-04,Correlated with existing root finding; no additional finding,Use final audit classification; scanner severity is not the audit risk rating
prowler-aws-cloudtrail_logs_s3_bucket_access_logging_enabled-623463264556-us-east-1-ecommerce-security-audit-trail,cloudtrail_logs_s3_bucket_access_logging_enabled,arn:aws:cloudtrail:us-east-1:623463264556:trail/ecommerce-security-audit-trail,us-east-1,medium,FAIL,,Retained scanner observation; no additional confirmed finding,Additional log/security hardening result retained; does not establish disabled logging or a public/unencrypted audited bucket
prowler-aws-cloudtrail_s3_dataevents_read_enabled-623463264556-us-east-1-623463264556,cloudtrail_s3_dataevents_read_enabled,arn:aws:cloudtrail:us-east-1:623463264556:trail,us-east-1,low,FAIL,,Retained scanner observation; no additional confirmed finding,Additional log/security hardening result retained; does not establish disabled logging or a public/unencrypted audited bucket
prowler-aws-cloudtrail_s3_dataevents_write_enabled-623463264556-us-east-1-623463264556,cloudtrail_s3_dataevents_write_enabled,arn:aws:cloudtrail:us-east-1:623463264556:trail,us-east-1,low,FAIL,,Retained scanner observation; no additional confirmed finding,Additional log/security hardening result retained; does not establish disabled logging or a public/unencrypted audited bucket
prowler-aws-cloudwatch_changes_to_network_acls_alarm_configured-623463264556-us-east-1-623463264556,cloudwatch_changes_to_network_acls_alarm_configured,arn:aws:logs:us-east-1:623463264556:log-group,us-east-1,medium,FAIL,,Retained scanner observation; no additional confirmed finding,Additional log/security hardening result retained; does not establish disabled logging or a public/unencrypted audited bucket
prowler-aws-cloudwatch_changes_to_network_gateways_alarm_configured-623463264556-us-east-1-623463264556,cloudwatch_changes_to_network_gateways_alarm_configured,arn:aws:logs:us-east-1:623463264556:log-group,us-east-1,medium,FAIL,,Retained scanner observation; no additional confirmed finding,Additional log/security hardening result retained; does not establish disabled logging or a public/unencrypted audited bucket
prowler-aws-cloudwatch_changes_to_network_route_tables_alarm_configured-623463264556-us-east-1-623463264556,cloudwatch_changes_to_network_route_tables_alarm_configured,arn:aws:logs:us-east-1:623463264556:log-group,us-east-1,medium,FAIL,,Retained scanner observation; no additional confirmed finding,Additional log/security hardening result retained; does not establish disabled logging or a public/unencrypted audited bucket
prowler-aws-cloudwatch_changes_to_vpcs_alarm_configured-623463264556-us-east-1-623463264556,cloudwatch_changes_to_vpcs_alarm_configured,arn:aws:logs:us-east-1:623463264556:log-group,us-east-1,medium,FAIL,,Retained scanner observation; no additional confirmed finding,Additional log/security hardening result retained; does not establish disabled logging or a public/unencrypted audited bucket
prowler-aws-cloudwatch_log_group_kms_encryption_enabled-623463264556-us-east-1-aws-cloudtrail-logs-623463264556-6e9261da,cloudwatch_log_group_kms_encryption_enabled,arn:aws:logs:us-east-1:623463264556:log-group:aws-cloudtrail-logs-623463264556-6e9261da:*,us-east-1,medium,FAIL,,Retained scanner observation; no additional confirmed finding,Additional log/security hardening result retained; does not establish disabled logging or a public/unencrypted audited bucket
prowler-aws-cloudwatch_log_group_kms_encryption_enabled-623463264556-us-east-1-ecommerce-cloudtrail-logs,cloudwatch_log_group_kms_encryption_enabled,arn:aws:logs:us-east-1:623463264556:log-group:ecommerce-cloudtrail-logs:*,us-east-1,medium,FAIL,,Retained scanner observation; no additional confirmed finding,Additional log/security hardening result retained; does not establish disabled logging or a public/unencrypted audited bucket
prowler-aws-cloudwatch_log_group_kms_encryption_enabled-623463264556-us-east-1-/aws/vendedlogs/elasticloadbalancing/loadbalancer/ALB_ACCESS_LOGS/app,cloudwatch_log_group_kms_encryption_enabled,arn:aws:logs:us-east-1:623463264556:log-group:/aws/vendedlogs/elasticloadbalancing/loadbalancer/ALB_ACCESS_LOGS/app:*,us-east-1,medium,FAIL,,Retained scanner observation; no additional confirmed finding,Additional log/security hardening result retained; does not establish disabled logging or a public/unencrypted audited bucket
prowler-aws-cloudwatch_log_group_kms_encryption_enabled-623463264556-us-east-1-logs_ec2,cloudwatch_log_group_kms_encryption_enabled,arn:aws:logs:us-east-1:623463264556:log-group:logs_ec2:*,us-east-1,medium,FAIL,,Retained scanner observation; no additional confirmed finding,Additional log/security hardening result retained; does not establish disabled logging or a public/unencrypted audited bucket
prowler-aws-cloudwatch_log_group_kms_encryption_enabled-623463264556-us-east-1-/aws/rds/instance/database-1/postgresql,cloudwatch_log_group_kms_encryption_enabled,arn:aws:logs:us-east-1:623463264556:log-group:/aws/rds/instance/database-1/postgresql:*,us-east-1,medium,FAIL,,Retained scanner observation; no additional confirmed finding,Additional log/security hardening result retained; does not establish disabled logging or a public/unencrypted audited bucket
prowler-aws-cloudwatch_log_group_kms_encryption_enabled-623463264556-us-east-1-/aws/lambda/RedshiftEventSubscription,cloudwatch_log_group_kms_encryption_enabled,arn:aws:logs:us-east-1:623463264556:log-group:/aws/lambda/RedshiftEventSubscription:*,us-east-1,medium,FAIL,,Retained scanner observation; no additional confirmed finding,Additional log/security hardening result retained; does not establish disabled logging or a public/unencrypted audited bucket
prowler-aws-cloudwatch_log_group_kms_encryption_enabled-623463264556-us-east-1-/aws/lambda/RedshiftOverwatch,cloudwatch_log_group_kms_encryption_enabled,arn:aws:logs:us-east-1:623463264556:log-group:/aws/lambda/RedshiftOverwatch:*,us-east-1,medium,FAIL,,Retained scanner observation; no additional confirmed finding,Additional log/security hardening result retained; does not establish disabled logging or a public/unencrypted audited bucket
prowler-aws-cloudwatch_log_group_kms_encryption_enabled-623463264556-us-east-1-/aws/lambda/RoleCreationFunction,cloudwatch_log_group_kms_encryption_enabled,arn:aws:logs:us-east-1:623463264556:log-group:/aws/lambda/RoleCreationFunction:*,us-east-1,medium,FAIL,,Retained scanner observation; no additional confirmed finding,Additional log/security hardening result retained; does not establish disabled logging or a public/unencrypted audited bucket
prowler-aws-cloudwatch_log_metric_filter_and_alarm_for_aws_config_configuration_changes_enabled-623463264556-us-east-1-623463264556,cloudwatch_log_metric_filter_and_alarm_for_aws_config_configuration_changes_enabled,arn:aws:logs:us-east-1:623463264556:log-group,us-east-1,medium,FAIL,,Retained scanner observation; no additional confirmed finding,Additional log/security hardening result retained; does not establish disabled logging or a public/unencrypted audited bucket
prowler-aws-cloudwatch_log_metric_filter_and_alarm_for_cloudtrail_configuration_changes_enabled-623463264556-us-east-1-623463264556,cloudwatch_log_metric_filter_and_alarm_for_cloudtrail_configuration_changes_enabled,arn:aws:logs:us-east-1:623463264556:log-group,us-east-1,medium,FAIL,,Retained scanner observation; no additional confirmed finding,Additional log/security hardening result retained; does not establish disabled logging or a public/unencrypted audited bucket
prowler-aws-cloudwatch_log_metric_filter_authentication_failures-623463264556-us-east-1-623463264556,cloudwatch_log_metric_filter_authentication_failures,arn:aws:logs:us-east-1:623463264556:log-group,us-east-1,medium,FAIL,,Retained scanner observation; no additional confirmed finding,Additional log/security hardening result retained; does not establish disabled logging or a public/unencrypted audited bucket
prowler-aws-cloudwatch_log_metric_filter_aws_organizations_changes-623463264556-us-east-1-623463264556,cloudwatch_log_metric_filter_aws_organizations_changes,arn:aws:logs:us-east-1:623463264556:log-group,us-east-1,medium,FAIL,,Retained scanner observation; no additional confirmed finding,Additional log/security hardening result retained; does not establish disabled logging or a public/unencrypted audited bucket
prowler-aws-cloudwatch_log_metric_filter_disable_or_scheduled_deletion_of_kms_cmk-623463264556-us-east-1-623463264556,cloudwatch_log_metric_filter_disable_or_scheduled_deletion_of_kms_cmk,arn:aws:logs:us-east-1:623463264556:log-group,us-east-1,medium,FAIL,,Retained scanner observation; no additional confirmed finding,Additional log/security hardening result retained; does not establish disabled logging or a public/unencrypted audited bucket
prowler-aws-cloudwatch_log_metric_filter_for_s3_bucket_policy_changes-623463264556-us-east-1-623463264556,cloudwatch_log_metric_filter_for_s3_bucket_policy_changes,arn:aws:logs:us-east-1:623463264556:log-group,us-east-1,medium,FAIL,,Retained scanner observation; no additional confirmed finding,Additional log/security hardening result retained; does not establish disabled logging or a public/unencrypted audited bucket
prowler-aws-cloudwatch_log_metric_filter_policy_changes-623463264556-us-east-1-623463264556,cloudwatch_log_metric_filter_policy_changes,arn:aws:logs:us-east-1:623463264556:log-group,us-east-1,medium,FAIL,,Retained scanner observation; no additional confirmed finding,Additional log/security hardening result retained; does not establish disabled logging or a public/unencrypted audited bucket
prowler-aws-cloudwatch_log_metric_filter_root_usage-623463264556-us-east-1-623463264556,cloudwatch_log_metric_filter_root_usage,arn:aws:logs:us-east-1:623463264556:log-group,us-east-1,medium,FAIL,,Retained scanner observation; no additional confirmed finding,Additional log/security hardening result retained; does not establish disabled logging or a public/unencrypted audited bucket
prowler-aws-cloudwatch_log_metric_filter_security_group_changes-623463264556-us-east-1-623463264556,cloudwatch_log_metric_filter_security_group_changes,arn:aws:logs:us-east-1:623463264556:log-group,us-east-1,medium,FAIL,,Retained scanner observation; no additional confirmed finding,Additional log/security hardening result retained; does not establish disabled logging or a public/unencrypted audited bucket
prowler-aws-cloudwatch_log_metric_filter_sign_in_without_mfa-623463264556-us-east-1-623463264556,cloudwatch_log_metric_filter_sign_in_without_mfa,arn:aws:logs:us-east-1:623463264556:log-group,us-east-1,medium,FAIL,,Retained scanner observation; no additional confirmed finding,Additional log/security hardening result retained; does not establish disabled logging or a public/unencrypted audited bucket
prowler-aws-cloudwatch_log_metric_filter_unauthorized_api_calls-623463264556-us-east-1-623463264556,cloudwatch_log_metric_filter_unauthorized_api_calls,arn:aws:logs:us-east-1:623463264556:log-group,us-east-1,medium,FAIL,,Retained scanner observation; no additional confirmed finding,Additional log/security hardening result retained; does not establish disabled logging or a public/unencrypted audited bucket
prowler-aws-cognito_user_pool_mfa_enabled-623463264556-us-east-1-us-east-1_z1yDKrsNw,cognito_user_pool_mfa_enabled,arn:aws:cognito-idp:us-east-1:623463264556:userpool/us-east-1_z1yDKrsNw,us-east-1,medium,FAIL,F-03,Correlated with existing root finding; no additional finding,Use final audit classification; scanner severity is not the audit risk rating
prowler-aws-cognito_user_pool_password_policy_minimum_length_14-623463264556-us-east-1-us-east-1_z1yDKrsNw,cognito_user_pool_password_policy_minimum_length_14,arn:aws:cognito-idp:us-east-1:623463264556:userpool/us-east-1_z1yDKrsNw,us-east-1,medium,FAIL,,Retained scanner observation; no additional confirmed finding,Additional resource configuration/transport/resilience hardening result retained; no additional independently confirmed audit finding
prowler-aws-cognito_user_pool_self_registration_disabled-623463264556-us-east-1-us-east-1_z1yDKrsNw,cognito_user_pool_self_registration_disabled,arn:aws:cognito-idp:us-east-1:623463264556:userpool/us-east-1_z1yDKrsNw,us-east-1,medium,FAIL,,Retained scanner observation; no additional confirmed finding,Additional resource configuration/transport/resilience hardening result retained; no additional independently confirmed audit finding
prowler-aws-ec2_ebs_default_encryption-623463264556-us-east-1-623463264556,ec2_ebs_default_encryption,arn:aws:ec2:us-east-1:623463264556:volume,us-east-1,high,FAIL,F-02,Correlated with existing root finding; no additional finding,Use final audit classification; scanner severity is not the audit risk rating
prowler-aws-ec2_ebs_volume_encryption-623463264556-us-east-1-vol-0b10c9d68b59e72af,ec2_ebs_volume_encryption,arn:aws:ec2:us-east-1:623463264556:volume/vol-0b10c9d68b59e72af,us-east-1,high,FAIL,F-02,Correlated with existing root finding; no additional finding,Use final audit classification; scanner severity is not the audit risk rating
prowler-aws-ec2_ebs_volume_protected_by_backup_plan-623463264556-us-east-1-vol-0b10c9d68b59e72af,ec2_ebs_volume_protected_by_backup_plan,arn:aws:ec2:us-east-1:623463264556:volume/vol-0b10c9d68b59e72af,us-east-1,medium,FAIL,,Retained scanner observation; no additional confirmed finding,Additional resource configuration/transport/resilience hardening result retained; no additional independently confirmed audit finding
prowler-aws-ec2_ebs_volume_snapshots_exists-623463264556-us-east-1-vol-0b10c9d68b59e72af,ec2_ebs_volume_snapshots_exists,arn:aws:ec2:us-east-1:623463264556:volume/vol-0b10c9d68b59e72af,us-east-1,high,FAIL,,Retained scanner observation; no additional confirmed finding,Additional resource configuration/transport/resilience hardening result retained; no additional independently confirmed audit finding
prowler-aws-ec2_instance_account_imdsv2_enabled-623463264556-us-east-1-623463264556,ec2_instance_account_imdsv2_enabled,arn:aws:ec2:us-east-1:623463264556:account,us-east-1,high,FAIL,,Retained scanner observation; no additional confirmed finding,Additional resource configuration/transport/resilience hardening result retained; no additional independently confirmed audit finding
prowler-aws-ec2_instance_detailed_monitoring_enabled-623463264556-us-east-1-i-03687e15b74af60a4,ec2_instance_detailed_monitoring_enabled,arn:aws:ec2:us-east-1:623463264556:instance/i-03687e15b74af60a4,us-east-1,low,FAIL,,Retained scanner observation; no additional confirmed finding,Additional resource configuration/transport/resilience hardening result retained; no additional independently confirmed audit finding
prowler-aws-ec2_instance_managed_by_ssm-623463264556-us-east-1-i-03687e15b74af60a4,ec2_instance_managed_by_ssm,arn:aws:ec2:us-east-1:623463264556:instance/i-03687e15b74af60a4,us-east-1,medium,FAIL,,Retained scanner observation; no additional confirmed finding,Additional resource configuration/transport/resilience hardening result retained; no additional independently confirmed audit finding
prowler-aws-ec2_instance_port_ssh_exposed_to_internet-623463264556-us-east-1-i-03687e15b74af60a4,ec2_instance_port_ssh_exposed_to_internet,arn:aws:ec2:us-east-1:623463264556:instance/i-03687e15b74af60a4,us-east-1,critical,FAIL,F-01,Correlated with existing root finding; no additional finding,Use final audit classification; scanner severity is not the audit risk rating
prowler-aws-ec2_instance_profile_attached-623463264556-us-east-1-i-03687e15b74af60a4,ec2_instance_profile_attached,arn:aws:ec2:us-east-1:623463264556:instance/i-03687e15b74af60a4,us-east-1,medium,FAIL,,Retained scanner observation; no additional confirmed finding,Additional resource configuration/transport/resilience hardening result retained; no additional independently confirmed audit finding
prowler-aws-ec2_instance_public_ip-623463264556-us-east-1-i-03687e15b74af60a4,ec2_instance_public_ip,arn:aws:ec2:us-east-1:623463264556:instance/i-03687e15b74af60a4,us-east-1,medium,FAIL,,Retained scanner observation; no additional confirmed finding,Additional resource configuration/transport/resilience hardening result retained; no additional independently confirmed audit finding
prowler-aws-ec2_networkacl_allow_ingress_any_port-623463264556-us-east-1-acl-0b9f363771cdfa887,ec2_networkacl_allow_ingress_any_port,arn:aws:ec2:us-east-1:623463264556:network-acl/acl-0b9f363771cdfa887,us-east-1,high,FAIL,F-10,Correlated with existing root finding; no additional finding,Use final audit classification; scanner severity is not the audit risk rating
prowler-aws-ec2_networkacl_allow_ingress_any_port-623463264556-us-east-1-acl-0b919611a879e4e62,ec2_networkacl_allow_ingress_any_port,arn:aws:ec2:us-east-1:623463264556:network-acl/acl-0b919611a879e4e62,us-east-1,high,FAIL,F-10,Correlated with existing root finding; no additional finding,Additional-VPC context retained; F-10 remediation scope is primary application VPC
prowler-aws-ec2_networkacl_allow_ingress_tcp_port_22-623463264556-us-east-1-acl-0b9f363771cdfa887,ec2_networkacl_allow_ingress_tcp_port_22,arn:aws:ec2:us-east-1:623463264556:network-acl/acl-0b9f363771cdfa887,us-east-1,medium,FAIL,F-10,Correlated with existing root finding; no additional finding,Use final audit classification; scanner severity is not the audit risk rating
prowler-aws-ec2_networkacl_allow_ingress_tcp_port_22-623463264556-us-east-1-acl-0b919611a879e4e62,ec2_networkacl_allow_ingress_tcp_port_22,arn:aws:ec2:us-east-1:623463264556:network-acl/acl-0b919611a879e4e62,us-east-1,medium,FAIL,F-10,Correlated with existing root finding; no additional finding,Additional-VPC context retained; F-10 remediation scope is primary application VPC
prowler-aws-ec2_networkacl_allow_ingress_tcp_port_3389-623463264556-us-east-1-acl-0b9f363771cdfa887,ec2_networkacl_allow_ingress_tcp_port_3389,arn:aws:ec2:us-east-1:623463264556:network-acl/acl-0b9f363771cdfa887,us-east-1,medium,FAIL,F-10,Correlated with existing root finding; no additional finding,Use final audit classification; scanner severity is not the audit risk rating
prowler-aws-ec2_networkacl_allow_ingress_tcp_port_3389-623463264556-us-east-1-acl-0b919611a879e4e62,ec2_networkacl_allow_ingress_tcp_port_3389,arn:aws:ec2:us-east-1:623463264556:network-acl/acl-0b919611a879e4e62,us-east-1,medium,FAIL,F-10,Correlated with existing root finding; no additional finding,Additional-VPC context retained; F-10 remediation scope is primary application VPC
prowler-aws-ec2_securitygroup_allow_ingress_from_internet_to_any_port-623463264556-us-east-1-sg-045fb00f9aadc1d96,ec2_securitygroup_allow_ingress_from_internet_to_any_port,arn:aws:ec2:us-east-1:623463264556:security-group/sg-045fb00f9aadc1d96,us-east-1,high,FAIL,F-01,Correlated with existing root finding; no additional finding,Use final audit classification; scanner severity is not the audit risk rating
prowler-aws-ec2_securitygroup_allow_ingress_from_internet_to_tcp_port_22-623463264556-us-east-1-sg-045fb00f9aadc1d96,ec2_securitygroup_allow_ingress_from_internet_to_tcp_port_22,arn:aws:ec2:us-east-1:623463264556:security-group/sg-045fb00f9aadc1d96,us-east-1,high,FAIL,F-01,Correlated with existing root finding; no additional finding,Use final audit classification; scanner severity is not the audit risk rating
prowler-aws-elbv2_alb_drop_invalid_header_fields_enabled-623463264556-us-east-1-ALB,elbv2_alb_drop_invalid_header_fields_enabled,arn:aws:elasticloadbalancing:us-east-1:623463264556:loadbalancer/app/ALB/319cae5f3d39af41,us-east-1,medium,FAIL,,Retained scanner observation; no additional confirmed finding,Additional resource configuration/transport/resilience hardening result retained; no additional independently confirmed audit finding
prowler-aws-elbv2_deletion_protection-623463264556-us-east-1-ALB,elbv2_deletion_protection,arn:aws:elasticloadbalancing:us-east-1:623463264556:loadbalancer/app/ALB/319cae5f3d39af41,us-east-1,medium,FAIL,,Retained scanner observation; no additional confirmed finding,Additional resource configuration/transport/resilience hardening result retained; no additional independently confirmed audit finding
prowler-aws-elbv2_logging_enabled-623463264556-us-east-1-ALB,elbv2_logging_enabled,arn:aws:elasticloadbalancing:us-east-1:623463264556:loadbalancer/app/ALB/319cae5f3d39af41,us-east-1,medium,FAIL,,Retained scanner observation; no additional confirmed finding,Additional resource configuration/transport/resilience hardening result retained; no additional independently confirmed audit finding
prowler-aws-elbv2_ssl_listeners-623463264556-us-east-1-ALB,elbv2_ssl_listeners,arn:aws:elasticloadbalancing:us-east-1:623463264556:loadbalancer/app/ALB/319cae5f3d39af41,us-east-1,medium,FAIL,,Retained scanner observation; no additional confirmed finding,Additional resource configuration/transport/resilience hardening result retained; no additional independently confirmed audit finding
prowler-aws-iam_aws_attached_policy_no_administrative_privileges-623463264556-us-east-1-AdministratorAccess,iam_aws_attached_policy_no_administrative_privileges,arn:aws:iam::aws:policy/AdministratorAccess,us-east-1,critical,FAIL,,Retained scanner observation; no additional confirmed finding,Account/lab IAM ownership or application relevance not established; existing IAM disposition applies
prowler-aws-iam_check_saml_providers_sts-623463264556-us-east-1-623463264556,iam_check_saml_providers_sts,arn:aws:iam::623463264556:root,us-east-1,low,FAIL,,Retained scanner observation; no additional confirmed finding,Account/lab IAM ownership or application relevance not established; existing IAM disposition applies
prowler-aws-iam_inline_policy_allows_privilege_escalation-623463264556-us-east-1-c229083a5771676l17061514t1w6234632645-LambdaSLRRole-R7igYQ728fod/createservicerole,iam_inline_policy_allows_privilege_escalation,arn:aws:iam::623463264556:role/c229083a5771676l17061514t1w6234632645-LambdaSLRRole-R7igYQ728fod,us-east-1,high,FAIL,,Retained scanner observation; no additional confirmed finding,Account/lab IAM ownership or application relevance not established; existing IAM disposition applies
prowler-aws-iam_password_policy_expires_passwords_within_90_days_or_less-623463264556-us-east-1-623463264556,iam_password_policy_expires_passwords_within_90_days_or_less,arn:aws:iam:us-east-1:623463264556:password-policy,us-east-1,medium,FAIL,,Retained scanner observation; no additional confirmed finding,Account/lab IAM ownership or application relevance not established; existing IAM disposition applies
prowler-aws-iam_password_policy_lowercase-623463264556-us-east-1-623463264556,iam_password_policy_lowercase,arn:aws:iam:us-east-1:623463264556:password-policy,us-east-1,low,FAIL,,Retained scanner observation; no additional confirmed finding,Account/lab IAM ownership or application relevance not established; existing IAM disposition applies
prowler-aws-iam_password_policy_minimum_length_14-623463264556-us-east-1-623463264556,iam_password_policy_minimum_length_14,arn:aws:iam:us-east-1:623463264556:password-policy,us-east-1,medium,FAIL,,Retained scanner observation; no additional confirmed finding,Account/lab IAM ownership or application relevance not established; existing IAM disposition applies
prowler-aws-iam_password_policy_number-623463264556-us-east-1-623463264556,iam_password_policy_number,arn:aws:iam:us-east-1:623463264556:password-policy,us-east-1,medium,FAIL,,Retained scanner observation; no additional confirmed finding,Account/lab IAM ownership or application relevance not established; existing IAM disposition applies
prowler-aws-iam_password_policy_reuse_24-623463264556-us-east-1-623463264556,iam_password_policy_reuse_24,arn:aws:iam:us-east-1:623463264556:password-policy,us-east-1,medium,FAIL,,Retained scanner observation; no additional confirmed finding,Account/lab IAM ownership or application relevance not established; existing IAM disposition applies
prowler-aws-iam_password_policy_symbol-623463264556-us-east-1-623463264556,iam_password_policy_symbol,arn:aws:iam:us-east-1:623463264556:password-policy,us-east-1,medium,FAIL,,Retained scanner observation; no additional confirmed finding,Account/lab IAM ownership or application relevance not established; existing IAM disposition applies
prowler-aws-iam_password_policy_uppercase-623463264556-us-east-1-623463264556,iam_password_policy_uppercase,arn:aws:iam:us-east-1:623463264556:password-policy,us-east-1,medium,FAIL,,Retained scanner observation; no additional confirmed finding,Account/lab IAM ownership or application relevance not established; existing IAM disposition applies
prowler-aws-iam_role_administratoraccess_policy-623463264556-us-east-1-vocareum,iam_role_administratoraccess_policy,arn:aws:iam::623463264556:role/vocareum,us-east-1,high,FAIL,,Retained scanner observation; no additional confirmed finding,Account/lab IAM ownership or application relevance not established; existing IAM disposition applies
prowler-aws-iam_role_cross_service_confused_deputy_prevention-623463264556-us-east-1-c229083a5771676l17061514t1w623463264-LabEksNodeRole-x17A95hrwuvT,iam_role_cross_service_confused_deputy_prevention,arn:aws:iam::623463264556:role/c229083a5771676l17061514t1w623463264-LabEksNodeRole-x17A95hrwuvT,us-east-1,high,FAIL,,Retained scanner observation; no additional confirmed finding,Account/lab IAM ownership or application relevance not established; existing IAM disposition applies
prowler-aws-iam_role_cross_service_confused_deputy_prevention-623463264556-us-east-1-c229083a5771676l17061514t1w6234632645-LambdaSLRRole-R7igYQ728fod,iam_role_cross_service_confused_deputy_prevention,arn:aws:iam::623463264556:role/c229083a5771676l17061514t1w6234632645-LambdaSLRRole-R7igYQ728fod,us-east-1,high,FAIL,,Retained scanner observation; no additional confirmed finding,Account/lab IAM ownership or application relevance not established; existing IAM disposition applies
prowler-aws-iam_role_cross_service_confused_deputy_prevention-623463264556-us-east-1-EMR_AutoScaling_DefaultRole,iam_role_cross_service_confused_deputy_prevention,arn:aws:iam::623463264556:role/EMR_AutoScaling_DefaultRole,us-east-1,high,FAIL,,Retained scanner observation; no additional confirmed finding,Account/lab IAM ownership or application relevance not established; existing IAM disposition applies
prowler-aws-iam_role_cross_service_confused_deputy_prevention-623463264556-us-east-1-EMR_DefaultRole,iam_role_cross_service_confused_deputy_prevention,arn:aws:iam::623463264556:role/EMR_DefaultRole,us-east-1,high,FAIL,,Retained scanner observation; no additional confirmed finding,Account/lab IAM ownership or application relevance not established; existing IAM disposition applies
prowler-aws-iam_role_cross_service_confused_deputy_prevention-623463264556-us-east-1-EMR_EC2_DefaultRole,iam_role_cross_service_confused_deputy_prevention,arn:aws:iam::623463264556:role/EMR_EC2_DefaultRole,us-east-1,high,FAIL,,Retained scanner observation; no additional confirmed finding,Account/lab IAM ownership or application relevance not established; existing IAM disposition applies
prowler-aws-iam_role_cross_service_confused_deputy_prevention-623463264556-us-east-1-EMR_Notebooks_DefaultRole,iam_role_cross_service_confused_deputy_prevention,arn:aws:iam::623463264556:role/EMR_Notebooks_DefaultRole,us-east-1,high,FAIL,,Retained scanner observation; no additional confirmed finding,Account/lab IAM ownership or application relevance not established; existing IAM disposition applies
prowler-aws-iam_role_cross_service_confused_deputy_prevention-623463264556-us-east-1-myRedshiftRole,iam_role_cross_service_confused_deputy_prevention,arn:aws:iam::623463264556:role/myRedshiftRole,us-east-1,high,FAIL,,Retained scanner observation; no additional confirmed finding,Account/lab IAM ownership or application relevance not established; existing IAM disposition applies
prowler-aws-iam_role_cross_service_confused_deputy_prevention-623463264556-us-east-1-RedshiftRole,iam_role_cross_service_confused_deputy_prevention,arn:aws:iam::623463264556:role/RedshiftRole,us-east-1,high,FAIL,,Retained scanner observation; no additional confirmed finding,Account/lab IAM ownership or application relevance not established; existing IAM disposition applies
prowler-aws-iam_role_cross_service_confused_deputy_prevention-623463264556-us-east-1-RoleForLambdaModLabRole,iam_role_cross_service_confused_deputy_prevention,arn:aws:iam::623463264556:role/RoleForLambdaModLabRole,us-east-1,high,FAIL,,Retained scanner observation; no additional confirmed finding,Account/lab IAM ownership or application relevance not established; existing IAM disposition applies
prowler-aws-iam_role_cross_service_confused_deputy_prevention-623463264556-us-east-1-vocareum-eventbridge,iam_role_cross_service_confused_deputy_prevention,arn:aws:iam::623463264556:role/vocareum-eventbridge,us-east-1,high,FAIL,,Retained scanner observation; no additional confirmed finding,Account/lab IAM ownership or application relevance not established; existing IAM disposition applies
prowler-aws-iam_role_service_trust_restricts_source_to_account-623463264556-us-east-1-LabRole,iam_role_service_trust_restricts_source_to_account,arn:aws:iam::623463264556:role/LabRole,us-east-1,medium,FAIL,,Retained scanner observation; no additional confirmed finding,Account/lab IAM ownership or application relevance not established; existing IAM disposition applies
prowler-aws-iam_securityaudit_role_created-623463264556-us-east-1-SecurityAudit,iam_securityaudit_role_created,arn:aws:iam::aws:policy/SecurityAudit,us-east-1,low,FAIL,,Retained scanner observation; no additional confirmed finding,Account/lab IAM ownership or application relevance not established; existing IAM disposition applies
prowler-aws-iam_support_role_created-623463264556-us-east-1-623463264556,iam_support_role_created,arn:aws:iam::aws:policy/AWSSupportAccess,us-east-1,low,FAIL,,Retained scanner observation; no additional confirmed finding,Account/lab IAM ownership or application relevance not established; existing IAM disposition applies
prowler-aws-rds_instance_critical_event_subscription-623463264556-us-east-1-623463264556,rds_instance_critical_event_subscription,arn:aws:rds:us-east-1:623463264556:account,us-east-1,medium,FAIL,,Retained scanner observation; no additional confirmed finding,Additional resource configuration/transport/resilience hardening result retained; no additional independently confirmed audit finding
prowler-aws-rds_instance_default_admin-623463264556-us-east-1-database-1,rds_instance_default_admin,arn:aws:rds:us-east-1:623463264556:db:database-1,us-east-1,medium,FAIL,,Retained scanner observation; no additional confirmed finding,Additional resource configuration/transport/resilience hardening result retained; no additional independently confirmed audit finding
prowler-aws-rds_instance_deletion_protection-623463264556-us-east-1-database-1,rds_instance_deletion_protection,arn:aws:rds:us-east-1:623463264556:db:database-1,us-east-1,medium,FAIL,,Retained scanner observation; no additional confirmed finding,Additional resource configuration/transport/resilience hardening result retained; no additional independently confirmed audit finding
prowler-aws-rds_instance_enhanced_monitoring_enabled-623463264556-us-east-1-database-1,rds_instance_enhanced_monitoring_enabled,arn:aws:rds:us-east-1:623463264556:db:database-1,us-east-1,low,FAIL,,Retained scanner observation; no additional confirmed finding,Additional resource configuration/transport/resilience hardening result retained; no additional independently confirmed audit finding
prowler-aws-rds_instance_event_subscription_parameter_groups-623463264556-us-east-1-623463264556,rds_instance_event_subscription_parameter_groups,arn:aws:rds:us-east-1:623463264556:account,us-east-1,low,FAIL,,Retained scanner observation; no additional confirmed finding,Additional resource configuration/transport/resilience hardening result retained; no additional independently confirmed audit finding
prowler-aws-rds_instance_event_subscription_security_groups-623463264556-us-east-1-623463264556,rds_instance_event_subscription_security_groups,arn:aws:rds:us-east-1:623463264556:account,us-east-1,medium,FAIL,,Retained scanner observation; no additional confirmed finding,Additional resource configuration/transport/resilience hardening result retained; no additional independently confirmed audit finding
prowler-aws-rds_instance_iam_authentication_enabled-623463264556-us-east-1-database-1,rds_instance_iam_authentication_enabled,arn:aws:rds:us-east-1:623463264556:db:database-1,us-east-1,medium,FAIL,,Retained scanner observation; no additional confirmed finding,Additional resource configuration/transport/resilience hardening result retained; no additional independently confirmed audit finding
prowler-aws-rds_instance_multi_az-623463264556-us-east-1-database-1,rds_instance_multi_az,arn:aws:rds:us-east-1:623463264556:db:database-1,us-east-1,medium,FAIL,F-08,Correlated with existing root finding; no additional finding,Use final audit classification; scanner severity is not the audit risk rating
prowler-aws-rds_instance_non_default_port-623463264556-us-east-1-database-1,rds_instance_non_default_port,arn:aws:rds:us-east-1:623463264556:db:database-1,us-east-1,low,FAIL,,Retained scanner observation; no additional confirmed finding,Default PostgreSQL TCP/5432 is legitimate; use of a default service port alone is not a project nonconformity
prowler-aws-rds_instance_protected_by_backup_plan-623463264556-us-east-1-database-1,rds_instance_protected_by_backup_plan,arn:aws:rds:us-east-1:623463264556:db:database-1,us-east-1,high,FAIL,F-08,Correlated with existing root finding; no additional finding,Use final audit classification; scanner severity is not the audit risk rating
prowler-aws-s3_account_level_public_access_blocks-623463264556-us-east-1-623463264556,s3_account_level_public_access_blocks,arn:aws:s3:us-east-1:623463264556:account,us-east-1,high,FAIL,F-06,Correlated with existing root finding; no additional finding,Use final audit classification; scanner severity is not the audit risk rating
prowler-aws-s3_bucket_cross_region_replication-623463264556-us-east-1-aws-cloudtrail-logs-623463264556-30cad2de,s3_bucket_cross_region_replication,arn:aws:s3:::aws-cloudtrail-logs-623463264556-30cad2de,us-east-1,low,FAIL,,Retained scanner observation; no additional confirmed finding,Additional log/security hardening result retained; does not establish disabled logging or a public/unencrypted audited bucket
prowler-aws-s3_bucket_event_notifications_enabled-623463264556-us-east-1-aws-cloudtrail-logs-623463264556-30cad2de,s3_bucket_event_notifications_enabled,arn:aws:s3:::aws-cloudtrail-logs-623463264556-30cad2de,us-east-1,low,FAIL,,Retained scanner observation; no additional confirmed finding,Additional log/security hardening result retained; does not establish disabled logging or a public/unencrypted audited bucket
prowler-aws-s3_bucket_kms_encryption-623463264556-us-east-1-aws-cloudtrail-logs-623463264556-30cad2de,s3_bucket_kms_encryption,arn:aws:s3:::aws-cloudtrail-logs-623463264556-30cad2de,us-east-1,medium,FAIL,,Retained scanner observation; no additional confirmed finding,Additional log/security hardening result retained; does not establish disabled logging or a public/unencrypted audited bucket
prowler-aws-s3_bucket_lifecycle_enabled-623463264556-us-east-1-aws-cloudtrail-logs-623463264556-30cad2de,s3_bucket_lifecycle_enabled,arn:aws:s3:::aws-cloudtrail-logs-623463264556-30cad2de,us-east-1,low,FAIL,,Retained scanner observation; no additional confirmed finding,Additional log/security hardening result retained; does not establish disabled logging or a public/unencrypted audited bucket
prowler-aws-s3_bucket_no_mfa_delete-623463264556-us-east-1-aws-cloudtrail-logs-623463264556-30cad2de,s3_bucket_no_mfa_delete,arn:aws:s3:::aws-cloudtrail-logs-623463264556-30cad2de,us-east-1,medium,FAIL,,Retained scanner observation; no additional confirmed finding,Additional log/security hardening result retained; does not establish disabled logging or a public/unencrypted audited bucket
prowler-aws-s3_bucket_object_lock-623463264556-us-east-1-aws-cloudtrail-logs-623463264556-30cad2de,s3_bucket_object_lock,arn:aws:s3:::aws-cloudtrail-logs-623463264556-30cad2de,us-east-1,low,FAIL,,Retained scanner observation; no additional confirmed finding,Additional log/security hardening result retained; does not establish disabled logging or a public/unencrypted audited bucket
prowler-aws-s3_bucket_object_versioning-623463264556-us-east-1-aws-cloudtrail-logs-623463264556-30cad2de,s3_bucket_object_versioning,arn:aws:s3:::aws-cloudtrail-logs-623463264556-30cad2de,us-east-1,medium,FAIL,,Retained scanner observation; no additional confirmed finding,Additional log/security hardening result retained; does not establish disabled logging or a public/unencrypted audited bucket
prowler-aws-s3_bucket_secure_transport_policy-623463264556-us-east-1-aws-cloudtrail-logs-623463264556-30cad2de,s3_bucket_secure_transport_policy,arn:aws:s3:::aws-cloudtrail-logs-623463264556-30cad2de,us-east-1,medium,FAIL,,Retained scanner observation; no additional confirmed finding,Additional log/security hardening result retained; does not establish disabled logging or a public/unencrypted audited bucket
prowler-aws-s3_bucket_server_access_logging_enabled-623463264556-us-east-1-aws-cloudtrail-logs-623463264556-30cad2de,s3_bucket_server_access_logging_enabled,arn:aws:s3:::aws-cloudtrail-logs-623463264556-30cad2de,us-east-1,medium,FAIL,,Retained scanner observation; no additional confirmed finding,Additional log/security hardening result retained; does not establish disabled logging or a public/unencrypted audited bucket
prowler-aws-secretsmanager_has_restrictive_resource_policy-623463264556-us-east-1-rds!db-1e7a2972-8a44-47fd-9728-4d8db6ac43dc,secretsmanager_has_restrictive_resource_policy,arn:aws:secretsmanager:us-east-1:623463264556:secret:rds!db-1e7a2972-8a44-47fd-9728-4d8db6ac43dc-aWircL,us-east-1,high,FAIL,,Retained scanner observation; no additional confirmed finding,Scanner explicitly cannot distinguish absent policy from denied policy visibility; inconclusive
prowler-aws-sns_topics_kms_encryption_at_rest_enabled-623463264556-us-east-1-RedshiftSNS,sns_topics_kms_encryption_at_rest_enabled,arn:aws:sns:us-east-1:623463264556:RedshiftSNS,us-east-1,high,FAIL,,Retained scanner observation; no additional confirmed finding,Other lab SNS topic; project ownership not established
prowler-aws-sns_topics_kms_encryption_at_rest_enabled-623463264556-us-east-1-ecommerce-security-alerts,sns_topics_kms_encryption_at_rest_enabled,arn:aws:sns:us-east-1:623463264556:ecommerce-security-alerts,us-east-1,high,FAIL,F-07,Correlated with existing root finding; no additional finding,Use final audit classification; scanner severity is not the audit risk rating
prowler-aws-vpc_different_regions-623463264556-us-east-1-623463264556,vpc_different_regions,arn:aws:ec2:us-east-1:623463264556:vpc,us-east-1,medium,FAIL,,Retained scanner observation; no additional confirmed finding,Additional resource configuration/transport/resilience hardening result retained; no additional independently confirmed audit finding
prowler-aws-vpc_endpoint_connections_trust_boundaries-623463264556-us-east-1-vpce-0a643eaeeea3fc98d,vpc_endpoint_connections_trust_boundaries,arn:aws:ec2:us-east-1:623463264556:vpc-endpoint/vpce-0a643eaeeea3fc98d,us-east-1,high,FAIL,,Retained scanner observation; no additional confirmed finding,Additional resource configuration/transport/resilience hardening result retained; no additional independently confirmed audit finding
prowler-aws-vpc_endpoint_for_ec2_enabled-623463264556-us-east-1-vpc-082a310dcc24141fe,vpc_endpoint_for_ec2_enabled,arn:aws:ec2:us-east-1:623463264556:vpc/vpc-082a310dcc24141fe,us-east-1,medium,FAIL,,Retained scanner observation; no additional confirmed finding,Additional resource configuration/transport/resilience hardening result retained; no additional independently confirmed audit finding
prowler-aws-vpc_flow_logs_enabled-623463264556-us-east-1-vpc-082a310dcc24141fe,vpc_flow_logs_enabled,arn:aws:ec2:us-east-1:623463264556:vpc/vpc-082a310dcc24141fe,us-east-1,medium,FAIL,F-10,Correlated with existing root finding; no additional finding,Use final audit classification; scanner severity is not the audit risk rating
prowler-aws-wafv2_webacl_logging_enabled-623463264556-us-east-1-0f14ce2a-934c-4c53-9681-0de536be873c,wafv2_webacl_logging_enabled,arn:aws:wafv2:us-east-1:623463264556:global/webacl/CreatedByALB-0f43617e-33f6-40ba-b5d7-6faac960eaed/0f14ce2a-934c-4c53-9681-0de536be873c,us-east-1,medium,FAIL,,Retained scanner observation; no additional confirmed finding,Raw Web ACL result retained; association and project ownership not independently established for each scanner resource
prowler-aws-wafv2_webacl_logging_enabled-623463264556-us-east-1-e0ae56a8-4438-4759-b647-e238dd61abc0,wafv2_webacl_logging_enabled,arn:aws:wafv2:us-east-1:623463264556:global/webacl/CreatedByALB-d6915005-8e8d-43eb-a5c4-24c2a2454a0a/e0ae56a8-4438-4759-b647-e238dd61abc0,us-east-1,medium,FAIL,,Retained scanner observation; no additional confirmed finding,Raw Web ACL result retained; association and project ownership not independently established for each scanner resource
prowler-aws-wafv2_webacl_logging_enabled-623463264556-us-east-1-a43c69cf-1105-4ad2-a337-48a2d55af46a,wafv2_webacl_logging_enabled,arn:aws:wafv2:us-east-1:623463264556:global/webacl/WAF/a43c69cf-1105-4ad2-a337-48a2d55af46a,us-east-1,medium,FAIL,,Retained scanner observation; no additional confirmed finding,Raw Web ACL result retained; association and project ownership not independently established for each scanner resource
prowler-aws-wafv2_webacl_logging_enabled-623463264556-us-east-1-0441f6b8-2abd-4415-af32-9b0f3173010d,wafv2_webacl_logging_enabled,arn:aws:wafv2:us-east-1:623463264556:regional/webacl/CreatedByALB-ALB/0441f6b8-2abd-4415-af32-9b0f3173010d,us-east-1,medium,FAIL,,Retained scanner observation; no additional confirmed finding,Raw Web ACL result retained; association and project ownership not independently established for each scanner resource
