Area,Manual_Evidence,Prowler,ScoutSuite,Disposition,Interpretation
SSH exposure,Manual SG permits TCP/22 from 0.0.0.0/0,ec2_instance_port_ssh_exposed_to_internet;ec2_securitygroup_allow_ingress_from_internet_to_tcp_port_22,ec2-security-group-opens-SSH-port-to-all,F-01,One root cause; audit High differs from Prowler Critical
EBS encryption,No direct EC2 volume console screenshot retained,ec2_ebs_volume_encryption;ec2_ebs_default_encryption,ec2-ebs-volume-not-encrypted;ec2-ebs-default-encryption-disabled,F-02,Raw volume is attached to audited EC2; Encrypted=false
Cognito MFA,No MFA displayed,cognito_user_pool_mfa_enabled,Cognito not separately evaluated in retained ScoutSuite service list,F-03,Application MFA; upstream Academy MFA not inferred
CloudTrail validation,Disabled in trail settings,cloudtrail_log_file_validation_enabled,cloudtrail-no-log-file-validation,F-04,Logging remains active
CloudWatch retention,Visible Never expire settings,No retention failure row in this selected scan,No corroborating retention check established,F-05,Lack of explicit approved retention; not logging disabled
S3 account guardrail,Bucket-level BPA enabled,s3_account_level_public_access_blocks,No independent account-level corroboration established,F-06,Bucket not proved public
SNS KMS encryption,Configured topic/subscription,sns_topics_kms_encryption_at_rest_enabled for ecommerce-security-alerts,SNS summary lists zero checked items,F-07,No ScoutSuite assurance claimed for SNS
RDS resilience,Encrypted; Multi-AZ No; maintenance image does not show backup retention,rds_instance_multi_az;rds_instance_protected_by_backup_plan,rds-instance-single-az;rds-instance-short-backup-retention-period,F-08,Raw BackupRetentionPeriod=1; absence of AWS Backup does not mean native backups disabled
Additional RDS TCP/5543,Additional SG rule; actual database TCP/5432,Not asserted as a specific scanner failure,Raw SG configuration supports rule,F-09,Operational purpose unproven
NACL / Flow Logs,SG path inspected,ec2_networkacl_allow_ingress_any_port;vpc_flow_logs_enabled,vpc-default-network-acls-allow-all-ingress;vpc-subnet-without-flow-log,F-10,Nine primary-VPC subnets and six additional-VPC subnets; focus action on scoped VPC
CloudTrail KMS / data events,SSE-S3 bucket encrypted,cloudtrail_kms_encryption_enabled;cloudtrail_s3_dataevents_read_enabled;cloudtrail_s3_dataevents_write_enabled,cloudtrail-no-encryption-with-kms;cloudtrail-partial-data-logging,OBS-CT-KMS / existing scanner observations,Retained hardening; not a new finding or unencrypted bucket claim
CloudTrail integration,AttachRolePolicy explicitly denied,cloudtrail_cloudwatch_logging_enabled,cloudtrail-no-cloudwatch-integration,T-07 / EV-007,Permission-limited integration; logging operational
Identity/policy scope,Temporary STS / CreateUser denial,IAM failures and ambiguous Secrets Manager policy,Password policy and inline-policy rules,T-07 / scanner disposition,Lab ownership/visibility cannot automatically become application vulnerability
