Category,Resource Name,Resource ID / Identifier,Region / VPC,Observed Role,Evidence source,Interpretation limit
AWS Account,AWS Academy Learner Lab,623463264556,us-east-1,Audited cloud account,06_Configuration/01_AWS_Environment_Baseline.md;08_Evidence/EV-006_Security_Scan/ScoutSuite/Raw_Report/scoutsuite-results/scoutsuite_results_ecommerce-security-audit.js,Configuration inventory; ownership of unrelated laboratory resources is not asserted
VPC,Primary application VPC,vpc-082a310dcc24141fe,us-east-1,Application networking,06_Configuration/01_AWS_Environment_Baseline.md;08_Evidence/EV-006_Security_Scan/ScoutSuite/Raw_Report/scoutsuite-results/scoutsuite_results_ecommerce-security-audit.js,Configuration inventory; ownership of unrelated laboratory resources is not asserted
VPC,Additional VPC,vpc-076fe7171cef3d8db,us-east-1,Contains second default security group,06_Configuration/01_AWS_Environment_Baseline.md;08_Evidence/EV-006_Security_Scan/ScoutSuite/Raw_Report/scoutsuite-results/scoutsuite_results_ecommerce-security-audit.js,Configuration inventory; ownership of unrelated laboratory resources is not asserted
EC2,Application instance,i-03687e15b74af60a4,us-east-1,Hosts Docker Compose e-commerce services,06_Configuration/01_AWS_Environment_Baseline.md;08_Evidence/EV-006_Security_Scan/ScoutSuite/Raw_Report/scoutsuite-results/scoutsuite_results_ecommerce-security-audit.js,Configuration inventory; ownership of unrelated laboratory resources is not asserted
ALB,ALB,ALB-1851337185.us-east-1.elb.amazonaws.com,us-east-1,Public application load balancer,06_Configuration/01_AWS_Environment_Baseline.md;08_Evidence/EV-006_Security_Scan/ScoutSuite/Raw_Report/scoutsuite-results/scoutsuite_results_ecommerce-security-audit.js,Configuration inventory; ownership of unrelated laboratory resources is not asserted
Security Group,Alb-sg,sg-0464d411ab9505f1e,vpc-082a310dcc24141fe,ALB ingress,06_Configuration/01_AWS_Environment_Baseline.md;08_Evidence/EV-006_Security_Scan/ScoutSuite/Raw_Report/scoutsuite-results/scoutsuite_results_ecommerce-security-audit.js,Configuration inventory; ownership of unrelated laboratory resources is not asserted
Security Group,EC2 sg,sg-045fb00f9aadc1d96,vpc-082a310dcc24141fe,Application instance ingress,06_Configuration/01_AWS_Environment_Baseline.md;08_Evidence/EV-006_Security_Scan/ScoutSuite/Raw_Report/scoutsuite-results/scoutsuite_results_ecommerce-security-audit.js,Configuration inventory; ownership of unrelated laboratory resources is not asserted
Security Group,ec2-rds-1,sg-02b9c3fe59b6761ae,vpc-082a310dcc24141fe,EC2 side of linked DB access,06_Configuration/01_AWS_Environment_Baseline.md;08_Evidence/EV-006_Security_Scan/ScoutSuite/Raw_Report/scoutsuite-results/scoutsuite_results_ecommerce-security-audit.js,Configuration inventory; ownership of unrelated laboratory resources is not asserted
Security Group,rds-ec2-1,sg-089d2906b529750a6,vpc-082a310dcc24141fe,RDS side of linked DB access,06_Configuration/01_AWS_Environment_Baseline.md;08_Evidence/EV-006_Security_Scan/ScoutSuite/Raw_Report/scoutsuite-results/scoutsuite_results_ecommerce-security-audit.js,Configuration inventory; ownership of unrelated laboratory resources is not asserted
Security Group,RDS sg,sg-0069bef5caafbe7e9,vpc-082a310dcc24141fe,Additional RDS-related group,06_Configuration/01_AWS_Environment_Baseline.md;08_Evidence/EV-006_Security_Scan/ScoutSuite/Raw_Report/scoutsuite-results/scoutsuite_results_ecommerce-security-audit.js,Configuration inventory; ownership of unrelated laboratory resources is not asserted
RDS,database-1,database-1,us-east-1a,PostgreSQL application database,06_Configuration/01_AWS_Environment_Baseline.md;08_Evidence/EV-006_Security_Scan/ScoutSuite/Raw_Report/scoutsuite-results/scoutsuite_results_ecommerce-security-audit.js,Configuration inventory; ownership of unrelated laboratory resources is not asserted
Cognito,User pool - izmaco,User pool - izmaco,us-east-1,Application authentication,06_Configuration/01_AWS_Environment_Baseline.md;08_Evidence/EV-006_Security_Scan/ScoutSuite/Raw_Report/scoutsuite-results/scoutsuite_results_ecommerce-security-audit.js,Configuration inventory; ownership of unrelated laboratory resources is not asserted
CloudTrail,ecommerce-security-audit-trail,ecommerce-security-audit-trail,us-east-1,Audit logging,06_Configuration/01_AWS_Environment_Baseline.md;08_Evidence/EV-006_Security_Scan/ScoutSuite/Raw_Report/scoutsuite-results/scoutsuite_results_ecommerce-security-audit.js,Configuration inventory; ownership of unrelated laboratory resources is not asserted
S3,CloudTrail log bucket,aws-cloudtrail-logs-623463264556-30cad2de,us-east-1,CloudTrail log storage,06_Configuration/01_AWS_Environment_Baseline.md;08_Evidence/EV-006_Security_Scan/ScoutSuite/Raw_Report/scoutsuite-results/scoutsuite_results_ecommerce-security-audit.js,Configuration inventory; ownership of unrelated laboratory resources is not asserted
CloudWatch,Alarm,EC2 failed,us-east-1,EC2 status monitoring,06_Configuration/01_AWS_Environment_Baseline.md;08_Evidence/EV-006_Security_Scan/ScoutSuite/Raw_Report/scoutsuite-results/scoutsuite_results_ecommerce-security-audit.js,Configuration inventory; ownership of unrelated laboratory resources is not asserted
SNS,Security alerts,ecommerce-security-alerts,us-east-1,Alarm notification topic,06_Configuration/01_AWS_Environment_Baseline.md;08_Evidence/EV-006_Security_Scan/ScoutSuite/Raw_Report/scoutsuite-results/scoutsuite_results_ecommerce-security-audit.js,Configuration inventory; ownership of unrelated laboratory resources is not asserted
EBS,Application root block volume,vol-0b10c9d68b59e72af,us-east-1 / us-east-1a,8 GiB gp3; Encrypted=false; attached to i-03687e15b74af60a4,08_Evidence/EV-006_Security_Scan/ScoutSuite/Raw_Report/scoutsuite-results/scoutsuite_results_ecommerce-security-audit.js,Source: services.ec2.regions.us-east-1.volumes; scanner point-in-time configuration
Cognito,izmaco user pool,us-east-1_z1yDKrsNw,us-east-1,Application identity; MFA not enforced,08_Evidence/EV-006_Security_Scan/Prowler/Raw_Report/Prowler_Final_Results.csv;08_Evidence/EV-002_IAM_Access_Control/EV002-07_Cognito_SignIn_MFA_No_MFA.png,Pool identifier from retained scanner row; authentication enforcement from screenshot and scanner
