ID,Test,Control,Finding,Classification,Risk rating,Evidence,Final status,Evidence paths,Interpretation limit
F-01,T-04,A.8.9,EC2 SSH TCP/22 is exposed to 0.0.0.0/0,Major nonconformity,High,EV-004;EV-006,Open for remediation,08_Evidence/EV-004_Network_Security/EV004-06_EC2_SG_SSH_0.0.0.0_0_and_App_Ports.png;08_Evidence/EV-006_Security_Scan/ScoutSuite/Screenshots/EV006-S04_ScoutSuite_EC2_Findings.png;08_Evidence/EV-006_Security_Scan/Prowler/Raw_Report/Prowler_Final_Results.csv,Point-in-time configuration; remediation not verified; platform-controlled action requires owner treatment
F-02,T-03,A.8.9,EC2 EBS storage is reported unencrypted and EBS encryption-by-default is disabled,Major nonconformity,High,EV-003;EV-006,Open for remediation,08_Evidence/EV-006_Security_Scan/ScoutSuite/Raw_Report/scoutsuite-results/scoutsuite_results_ecommerce-security-audit.js;08_Evidence/EV-006_Security_Scan/ScoutSuite/Screenshots/EV006-S04_ScoutSuite_EC2_Findings.png;08_Evidence/EV-006_Security_Scan/Prowler/Raw_Report/Prowler_Final_Results.csv,Point-in-time configuration; remediation not verified; platform-controlled action requires owner treatment
F-03,T-02,A.5.15,Cognito MFA is not enforced,Minor nonconformity,Medium,EV-002,Open for remediation,08_Evidence/EV-002_IAM_Access_Control/EV002-07_Cognito_SignIn_MFA_No_MFA.png,Point-in-time configuration; remediation not verified; platform-controlled action requires owner treatment
F-04,T-05,A.8.9,CloudTrail log-file validation is disabled,Observation,Low,EV-005;EV-006,Open hardening action,08_Evidence/EV-005_Logging_Monitoring/EV005-02_CloudTrail_Trail_Active_MultiRegion.png;08_Evidence/EV-006_Security_Scan/ScoutSuite/Screenshots/EV006-S02_ScoutSuite_CloudTrail_Findings.png,Point-in-time configuration; remediation not verified; platform-controlled action requires owner treatment
F-05,T-05,A.8.9,CloudWatch log groups use Never expire and no explicit project retention policy is documented,Observation,Low,EV-005,Open governance/hardening action,08_Evidence/EV-005_Logging_Monitoring/EV005-03_CloudWatch_Log_Groups.png,Point-in-time configuration; remediation not verified; platform-controlled action requires owner treatment
F-06,T-03,A.8.9,S3 account-level Block Public Access is not configured although the audited CloudTrail bucket is protected,Observation,Medium,EV-003;EV-006,Open hardening action,08_Evidence/EV-003_Storage_Security/EV003-06_CloudTrail_S3_Block_Public_Access.png;08_Evidence/EV-006_Security_Scan/Prowler/Raw_Report/Prowler_Final_Results.csv,Point-in-time configuration; remediation not verified; platform-controlled action requires owner treatment
F-07,T-05,A.8.9,SNS topic ecommerce-security-alerts does not satisfy Prowler KMS-at-rest encryption check,Observation,Medium,EV-005;EV-006,Open hardening action,08_Evidence/EV-006_Security_Scan/Prowler/Raw_Report/Prowler_Final_Results.csv;08_Evidence/EV-005_Logging_Monitoring/EV005-08_CloudWatch_Alarm_SNS_Action.png,Point-in-time configuration; remediation not verified; platform-controlled action requires owner treatment
F-08,T-03,A.8.9,RDS resilience/backup posture is weaker than recommended (Single-AZ and short backup retention reported by ScoutSuite; no AWS Backup plan reported by Prowler),Observation,Medium,EV-003;EV-006,Open resilience action,08_Evidence/EV-003_Storage_Security/EV003-02_RDS_Configuration_Encryption.png;08_Evidence/EV-006_Security_Scan/ScoutSuite/Screenshots/EV006-S06_ScoutSuite_RDS_Findings.png;08_Evidence/EV-006_Security_Scan/ScoutSuite/Raw_Report/scoutsuite-results/scoutsuite_results_ecommerce-security-audit.js;08_Evidence/EV-006_Security_Scan/Prowler/Raw_Report/Prowler_Final_Results.csv,Point-in-time configuration; remediation not verified; platform-controlled action requires owner treatment
F-09,T-04,A.8.9,Additional RDS security-group rule TCP/5543 may be stale because the verified PostgreSQL path uses TCP/5432,Observation,Low,EV-004,Open verification/removal action,08_Evidence/EV-004_Network_Security/EV004-05_RDS_SG_TCP5543_Source_EC2.png;08_Evidence/EV-004_Network_Security/EV004-08_RDS_EC2_Linked_SG_PostgreSQL_5432.png,Point-in-time configuration; remediation not verified; platform-controlled action requires owner treatment
F-10,T-04,A.8.9,Default NACLs are permissive and ScoutSuite reports subnets without VPC Flow Logs,Observation,Medium,EV-004;EV-006,Open defense-in-depth action,08_Evidence/EV-006_Security_Scan/ScoutSuite/Screenshots/EV006-S08_ScoutSuite_VPC_Findings.png;08_Evidence/EV-006_Security_Scan/ScoutSuite/Raw_Report/scoutsuite-results/scoutsuite_results_ecommerce-security-audit.js,Point-in-time configuration; remediation not verified; platform-controlled action requires owner treatment
