Finding_ID,Test_ID,Classification,Risk,Evidence_Paths,Action_ID,Disposition
F-01,T-04,Major nonconformity,High,08_Evidence/EV-004_Network_Security/EV004-06_EC2_SG_SSH_0.0.0.0_0_and_App_Ports.png;08_Evidence/EV-006_Security_Scan/ScoutSuite/Screenshots/EV006-S04_ScoutSuite_EC2_Findings.png;08_Evidence/EV-006_Security_Scan/Prowler/Raw_Report/Prowler_Final_Results.csv,AC-01,Open for remediation
F-02,T-03,Major nonconformity,High,08_Evidence/EV-006_Security_Scan/ScoutSuite/Raw_Report/scoutsuite-results/scoutsuite_results_ecommerce-security-audit.js;08_Evidence/EV-006_Security_Scan/ScoutSuite/Screenshots/EV006-S04_ScoutSuite_EC2_Findings.png;08_Evidence/EV-006_Security_Scan/Prowler/Raw_Report/Prowler_Final_Results.csv,AC-02,Open for remediation
F-03,T-02,Minor nonconformity,Medium,08_Evidence/EV-002_IAM_Access_Control/EV002-07_Cognito_SignIn_MFA_No_MFA.png,AC-03,Open for remediation
F-04,T-05,Observation,Low,08_Evidence/EV-005_Logging_Monitoring/EV005-02_CloudTrail_Trail_Active_MultiRegion.png;08_Evidence/EV-006_Security_Scan/ScoutSuite/Screenshots/EV006-S02_ScoutSuite_CloudTrail_Findings.png,AC-04,Open hardening action
F-05,T-05,Observation,Low,08_Evidence/EV-005_Logging_Monitoring/EV005-03_CloudWatch_Log_Groups.png,AC-05,Open governance/hardening action
F-06,T-03,Observation,Medium,08_Evidence/EV-003_Storage_Security/EV003-06_CloudTrail_S3_Block_Public_Access.png;08_Evidence/EV-006_Security_Scan/Prowler/Raw_Report/Prowler_Final_Results.csv,AC-06,Open hardening action
F-07,T-05,Observation,Medium,08_Evidence/EV-006_Security_Scan/Prowler/Raw_Report/Prowler_Final_Results.csv;08_Evidence/EV-005_Logging_Monitoring/EV005-08_CloudWatch_Alarm_SNS_Action.png,AC-07,Open hardening action
F-08,T-03,Observation,Medium,08_Evidence/EV-003_Storage_Security/EV003-02_RDS_Configuration_Encryption.png;08_Evidence/EV-006_Security_Scan/ScoutSuite/Screenshots/EV006-S06_ScoutSuite_RDS_Findings.png;08_Evidence/EV-006_Security_Scan/ScoutSuite/Raw_Report/scoutsuite-results/scoutsuite_results_ecommerce-security-audit.js;08_Evidence/EV-006_Security_Scan/Prowler/Raw_Report/Prowler_Final_Results.csv,AC-08,Open resilience action
F-09,T-04,Observation,Low,08_Evidence/EV-004_Network_Security/EV004-05_RDS_SG_TCP5543_Source_EC2.png;08_Evidence/EV-004_Network_Security/EV004-08_RDS_EC2_Linked_SG_PostgreSQL_5432.png,AC-09,Open verification/removal action
F-10,T-04,Observation,Medium,08_Evidence/EV-006_Security_Scan/ScoutSuite/Screenshots/EV006-S08_ScoutSuite_VPC_Findings.png;08_Evidence/EV-006_Security_Scan/ScoutSuite/Raw_Report/scoutsuite-results/scoutsuite_results_ecommerce-security-audit.js,AC-10,Open defense-in-depth action
