Evidence_ID,Test_ID,ISO_Control,Filename,Description,Source,AWS_Resource,Region,Collection_Date,SHA256,Notes
EV-001,T-01,A.5.23,01_Project_Scope/Terms_of_Reference_42.md,Terms of Reference 42,Derived audit documentation; existing retained project sources,Scope context: account 623463264556; no new AWS observation,us-east-1,,e25a00d785f595ec7cb26243ad3947135e4cc99b397ed9b0dc96da17f1492eae,SHA-256 computed from retained bytes; Derived index/analysis or documentary source; not newly collected AWS evidence; Collection date not established; filesystem modification time not used
EV-001,T-01,A.5.23,02_Audit_Program/Session_1_Final_Baseline.docx,"Session 1 academic programme, responsibilities and scope baseline",Retained Session 1 final governance baseline; targeted consistency amendment,Scope context: account 623463264556; no new AWS observation,us-east-1,,d9f2bfefa894bba94c6fc70e9e061f93b15f5f4636fb3a575c343991ce6b226f,SHA-256 computed from retained bytes; Document dated 9 October 2026; Collection date not established; filesystem modification time not used
EV-001,T-01,A.5.23,08_Evidence/EV-001_Cloud_Governance/EV001-01_Governance_Source_Index.md,EV001-01 Governance Source Index,Derived audit documentation; existing retained project sources,Scope context: account 623463264556; no new AWS observation,us-east-1,,295c036e14570c79d377a92775ebd727b8296721cef2f955e3357e04bb1529c5,SHA-256 computed from retained bytes; Derived index/analysis or documentary source; not newly collected AWS evidence; Collection date not established; filesystem modification time not used
EV-001,T-01,A.5.23,08_Evidence/EV-001_Cloud_Governance/README.md,README,Derived audit documentation; existing retained project sources,Scope context: account 623463264556; no new AWS observation,us-east-1,,0a46f94ec2e1158630d45e2405b3884451a21ab7214dac3db74b8298c285e9c9,SHA-256 computed from retained bytes; Derived index/analysis or documentary source; not newly collected AWS evidence; Collection date not established; filesystem modification time not used
EV-002,T-02,A.5.15,08_Evidence/EV-002_IAM_Access_Control/EV002-01_IAM_Roles_Overview.png,IAM roles overview in account 623463264556.,Original supplied screenshot; AWS console or scanner interface,IAM / Cognito izmaco,us-east-1,,30aa822322b7c07ca667315ba150a77b28e9bf6c85cc914745a7e8e9ca721a98,SHA-256 computed from retained bytes; Collection date not independently established; original filename retained as provenance; Original filename: image(3).png; Unmodified original image; claims limited to the visible configuration/interface; Collection date not established; filesystem modification time not used
EV-002,T-02,A.5.15,08_Evidence/EV-002_IAM_Access_Control/EV002-02_IAM_Roles_Additional.png,Additional IAM roles and trusted entities.,Original supplied screenshot; AWS console or scanner interface,IAM / Cognito izmaco,us-east-1,,713f34a10ffc6e85e417acb34936c55b106b725bffd1d37ef1eeeb64202c9592,SHA-256 computed from retained bytes; Collection date not independently established; original filename retained as provenance; Original filename: image(4).png; Unmodified original image; claims limited to the visible configuration/interface; Collection date not established; filesystem modification time not used
EV-002,T-02,A.5.15,08_Evidence/EV-002_IAM_Access_Control/EV002-03_IAM_Policies_Overview.png,IAM policies overview.,Original supplied screenshot; AWS console or scanner interface,IAM / Cognito izmaco,us-east-1,,71dfb7e834d61e965b29d5198f77d15c68043cbac96d54bc126a74d5371563e8,SHA-256 computed from retained bytes; Collection date not independently established; original filename retained as provenance; Original filename: image(5).png; Unmodified original image; claims limited to the visible configuration/interface; Collection date not established; filesystem modification time not used
EV-002,T-02,A.5.15,08_Evidence/EV-002_IAM_Access_Control/EV002-04_Cognito_User_Pool_Users.png,Cognito user pool users and confirmation state.,Original supplied screenshot; AWS console or scanner interface,IAM / Cognito izmaco,us-east-1,,a6a61579908904a88e5f29fa23806d202a293236de4c49d0c48121ddf045b3bc,SHA-256 computed from retained bytes; Collection date not independently established; original filename retained as provenance; Original filename: image(6).png; Unmodified original image; claims limited to the visible configuration/interface; Collection date not established; filesystem modification time not used
EV-002,T-02,A.5.15,08_Evidence/EV-002_IAM_Access_Control/EV002-05_Cognito_Groups.png,Cognito groups overview showing admin group.,Original supplied screenshot; AWS console or scanner interface,IAM / Cognito izmaco,us-east-1,,b374cdcde7b443a6b27a766e4cd2d37142c9dc97963c8c8d002ee2f27a5ee129,SHA-256 computed from retained bytes; Collection date not independently established; original filename retained as provenance; Original filename: image(7).png; Unmodified original image; claims limited to the visible configuration/interface; Collection date not established; filesystem modification time not used
EV-002,T-02,A.5.15,08_Evidence/EV-002_IAM_Access_Control/EV002-06_Cognito_Admin_Group_Member.png,Cognito admin group membership evidence.,Original supplied screenshot; AWS console or scanner interface,IAM / Cognito izmaco,us-east-1,,dc631e3b8b8878894b2d022b3fe348797bcf82cf30d1f02194029474df459e49,SHA-256 computed from retained bytes; Collection date not independently established; original filename retained as provenance; Original filename: image(8).png; Unmodified original image; claims limited to the visible configuration/interface; Collection date not established; filesystem modification time not used
EV-002,T-02,A.5.15,08_Evidence/EV-002_IAM_Access_Control/EV002-07_Cognito_SignIn_MFA_No_MFA.png,Cognito sign-in configuration showing MFA enforcement set to No MFA.,Original supplied screenshot; AWS console or scanner interface,IAM / Cognito izmaco,us-east-1,,cc5b78f8c3f2c47187143ee8a5cab2656a74af41dc710ffa8b71ce3e72c6e689,SHA-256 computed from retained bytes; Collection date not independently established; original filename retained as provenance; Original filename: image(9).png; Unmodified original image; claims limited to the visible configuration/interface; Collection date not established; filesystem modification time not used
EV-002,T-02,A.5.15,08_Evidence/EV-002_IAM_Access_Control/README.md,README,Derived audit documentation; existing retained project sources,Scope context: account 623463264556; no new AWS observation,us-east-1,,5a113a36599b5350afa26271c1824ae8e1b6f4b47bb77d1b58c9b2c939cb0194,SHA-256 computed from retained bytes; Derived index/analysis or documentary source; not newly collected AWS evidence; Collection date not established; filesystem modification time not used
EV-003,T-03,A.8.9,08_Evidence/EV-003_Storage_Security/EV003-01_RDS_Connectivity_SecretsManager.png,RDS connectivity/security view including Internet access gateway disabled and Secrets Manager reference.,Original supplied screenshot; AWS console or scanner interface,RDS database-1 / CloudTrail S3 bucket,us-east-1,,bb137b9920a755e85d619e3122f369c520330c295de54c0f73e219de5778ceaa,SHA-256 computed from retained bytes; Collection date not independently established; original filename retained as provenance; Original filename: image(10).png; Unmodified original image; claims limited to the visible configuration/interface; Collection date not established; filesystem modification time not used
EV-003,T-03,A.8.9,08_Evidence/EV-003_Storage_Security/EV003-02_RDS_Configuration_Encryption.png,RDS configuration showing storage encryption and related instance configuration.,Original supplied screenshot; AWS console or scanner interface,RDS database-1 / CloudTrail S3 bucket,us-east-1,,f120ffb6e15ab91cf56fa7445b11c76aa22f7621c7b80d6e4af5f00fd1261895,SHA-256 computed from retained bytes; Collection date not independently established; original filename retained as provenance; Original filename: image(20261009-152922).png; Unmodified original image; claims limited to the visible configuration/interface; Collection date not established; filesystem modification time not used
EV-003,T-03,A.8.9,08_Evidence/EV-003_Storage_Security/EV003-03_RDS_Maintenance_Backup_Settings.png,RDS maintenance and backups view.,Original supplied screenshot; AWS console or scanner interface,RDS database-1 / CloudTrail S3 bucket,us-east-1,,3b302766e9e7f31bf22491f83964dacfdfe89754e94caa59104d7726a6005af5,SHA-256 computed from retained bytes; Collection date not independently established; original filename retained as provenance; Original filename: image(20261009-153148).png; Unmodified original image; claims limited to the visible configuration/interface; Collection date not established; filesystem modification time not used
EV-003,T-03,A.8.9,08_Evidence/EV-003_Storage_Security/EV003-04_CloudTrail_S3_Bucket_Objects.png,CloudTrail S3 bucket object view.,Original supplied screenshot; AWS console or scanner interface,RDS database-1 / CloudTrail S3 bucket,us-east-1,,efc8b6b59b6bd297d3f71ca60c8f64dfb64fe6c60eecceba38a8094468309fa9,SHA-256 computed from retained bytes; Collection date not independently established; original filename retained as provenance; Original filename: image(20261009-153314).png; Unmodified original image; claims limited to the visible configuration/interface; Collection date not established; filesystem modification time not used
EV-003,T-03,A.8.9,08_Evidence/EV-003_Storage_Security/EV003-05_CloudTrail_S3_Log_Objects.png,CloudTrail AWSLogs objects delivered to S3.,Original supplied screenshot; AWS console or scanner interface,RDS database-1 / CloudTrail S3 bucket,us-east-1,,294a7b9f99a779202e27956083a09ed4024b9ce18701f08336990ca035d4c86f,SHA-256 computed from retained bytes; Collection date not independently established; original filename retained as provenance; Original filename: image(20261009-153322).png; Unmodified original image; claims limited to the visible configuration/interface; Collection date not established; filesystem modification time not used
EV-003,T-03,A.8.9,08_Evidence/EV-003_Storage_Security/EV003-06_CloudTrail_S3_Block_Public_Access.png,CloudTrail bucket permissions / Block Public Access evidence.,Original supplied screenshot; AWS console or scanner interface,RDS database-1 / CloudTrail S3 bucket,us-east-1,,e1a0c1aaa9fd41e7df9900f493362ba9c7c3633be0e7e7f4ba32db3518f77634,SHA-256 computed from retained bytes; Collection date not independently established; original filename retained as provenance; Original filename: image(20261009-153533).png; Unmodified original image; claims limited to the visible configuration/interface; Collection date not established; filesystem modification time not used
EV-003,T-03,A.8.9,08_Evidence/EV-003_Storage_Security/EV003-07_CloudTrail_S3_Default_Encryption.png,CloudTrail bucket default encryption evidence.,Original supplied screenshot; AWS console or scanner interface,RDS database-1 / CloudTrail S3 bucket,us-east-1,,331ad56309ae824ce050f7c5c2a9ea6df82a07a1e6004c12c9e7f9020ced005a,SHA-256 computed from retained bytes; Collection date not independently established; original filename retained as provenance; Original filename: image(20261009-153641).png; Unmodified original image; claims limited to the visible configuration/interface; Collection date not established; filesystem modification time not used
EV-003,T-03,A.8.9,08_Evidence/EV-003_Storage_Security/README.md,README,Derived audit documentation; existing retained project sources,Scope context: account 623463264556; no new AWS observation,us-east-1,,e8003ee7326191b23c417706d06f71cc5dca971b421fa40950797c3ba2e0905b,SHA-256 computed from retained bytes; Derived index/analysis or documentary source; not newly collected AWS evidence; Collection date not established; filesystem modification time not used
EV-004,T-04,A.8.9,08_Evidence/EV-004_Network_Security/EV004-01_Security_Groups_Inventory.png,Security groups inventory for the AWS account/VPC.,Original supplied screenshot; AWS console or scanner interface,VPC vpc-082a310dcc24141fe / reviewed security groups,us-east-1,,94c2e78147c6798931849178502069322f02843209eaec56546784c459688b8d,SHA-256 computed from retained bytes; Collection date not independently established; original filename retained as provenance; Original filename: image(20261009-153824).png; Unmodified original image; claims limited to the visible configuration/interface; Collection date not established; filesystem modification time not used
EV-004,T-04,A.8.9,08_Evidence/EV-004_Network_Security/EV004-02_EC2_SG_Inbound_Rules_Overview.png,EC2 security group inbound rules overview: SSH 22 and application ports 5000/5500.,Original supplied screenshot; AWS console or scanner interface,VPC vpc-082a310dcc24141fe / reviewed security groups,us-east-1,,c2ce465ce2c5d217c0ada4bdd3e9caa41625521b079c30fe629a2267bb45aabe,SHA-256 computed from retained bytes; Collection date not independently established; original filename retained as provenance; Original filename: image(20261009-153915).png; Unmodified original image; claims limited to the visible configuration/interface; Collection date not established; filesystem modification time not used
EV-004,T-04,A.8.9,08_Evidence/EV-004_Network_Security/EV004-03_ALB_SG_Inbound_Rules_Overview.png,ALB security group inbound rules overview for HTTP/HTTPS.,Original supplied screenshot; AWS console or scanner interface,VPC vpc-082a310dcc24141fe / reviewed security groups,us-east-1,,fd9d7ba7bfe9415836328652679fcd5585e917bf25ea20399e5343607ea46647,SHA-256 computed from retained bytes; Collection date not independently established; original filename retained as provenance; Original filename: image(20261009-153937).png; Unmodified original image; claims limited to the visible configuration/interface; Collection date not established; filesystem modification time not used
EV-004,T-04,A.8.9,08_Evidence/EV-004_Network_Security/EV004-04_RDS_SG_TCP5543_Overview.png,RDS SG overview showing custom TCP port 5543.,Original supplied screenshot; AWS console or scanner interface,VPC vpc-082a310dcc24141fe / reviewed security groups,us-east-1,,eee883a2e1d285a6beac17192bc703f613c52371a3bbf77799a1788c3c4aa49f,SHA-256 computed from retained bytes; Collection date not independently established; original filename retained as provenance; Original filename: image(20261009-154034).png; Unmodified original image; claims limited to the visible configuration/interface; Collection date not established; filesystem modification time not used
EV-004,T-04,A.8.9,08_Evidence/EV-004_Network_Security/EV004-05_RDS_SG_TCP5543_Source_EC2.png,RDS SG TCP/5543 rule with EC2 security group as source.,Original supplied screenshot; AWS console or scanner interface,VPC vpc-082a310dcc24141fe / reviewed security groups,us-east-1,,66c1d5e29ad16b234efc8031aec8a1a2eb861c91a96168643f44e728b9d779b7,SHA-256 computed from retained bytes; Collection date not independently established; original filename retained as provenance; Original filename: image(20261009-154141).png; Unmodified original image; claims limited to the visible configuration/interface; Collection date not established; filesystem modification time not used
EV-004,T-04,A.8.9,08_Evidence/EV-004_Network_Security/EV004-06_EC2_SG_SSH_0.0.0.0_0_and_App_Ports.png,EC2 SG showing SSH TCP/22 from 0.0.0.0/0 and app ports 5000/5500 restricted to ALB SG.,Original supplied screenshot; AWS console or scanner interface,VPC vpc-082a310dcc24141fe / reviewed security groups,us-east-1,,30fcd0c98a80ca6790fa660ee2d1cf634c9863a945e93df0a187f93fb84c5568,SHA-256 computed from retained bytes; Collection date not independently established; original filename retained as provenance; Original filename: image(20261009-154230).png; Unmodified original image; claims limited to the visible configuration/interface; Collection date not established; filesystem modification time not used
EV-004,T-04,A.8.9,08_Evidence/EV-004_Network_Security/EV004-07_ALB_SG_HTTP_HTTPS_0.0.0.0_0.png,ALB SG showing HTTP/80 and HTTPS/443 from 0.0.0.0/0.,Original supplied screenshot; AWS console or scanner interface,VPC vpc-082a310dcc24141fe / reviewed security groups,us-east-1,,0234310cc3f14e6ca57d1781a64d0a28c8e962be31795422370d01c0c1344036,SHA-256 computed from retained bytes; Collection date not independently established; original filename retained as provenance; Original filename: image(20261009-154254).png; Unmodified original image; claims limited to the visible configuration/interface; Collection date not established; filesystem modification time not used
EV-004,T-04,A.8.9,08_Evidence/EV-004_Network_Security/EV004-08_RDS_EC2_Linked_SG_PostgreSQL_5432.png,Linked RDS security group allowing PostgreSQL TCP/5432 from ec2-rds-1 SG.,Original supplied screenshot; AWS console or scanner interface,VPC vpc-082a310dcc24141fe / reviewed security groups,us-east-1,,e629587bf832a578663a9c1782c23bd7a945a547ade82ca9ad54ed63c78649ec,SHA-256 computed from retained bytes; Collection date not independently established; original filename retained as provenance; Original filename: image(20261009-154340).png; Unmodified original image; claims limited to the visible configuration/interface; Collection date not established; filesystem modification time not used
EV-004,T-04,A.8.9,08_Evidence/EV-004_Network_Security/EV004-09_EC2_RDS_Linked_SG_No_Inbound.png,EC2-side linked SG ec2-rds-1 showing no inbound rules.,Original supplied screenshot; AWS console or scanner interface,VPC vpc-082a310dcc24141fe / reviewed security groups,us-east-1,,639c1fbeec227cb844e4a4feb293378c79c0a0a616b54d6752b7ed314b7887a6,SHA-256 computed from retained bytes; Collection date not independently established; original filename retained as provenance; Original filename: image(20261009-154357).png; Unmodified original image; claims limited to the visible configuration/interface; Collection date not established; filesystem modification time not used
EV-004,T-04,A.8.9,08_Evidence/EV-004_Network_Security/EV004-10_VPC_Resource_Map_Private_RDS_Subnets.png,"VPC resource map showing subnet and route-table relationships, including RDS private subnets.",Original supplied screenshot; AWS console or scanner interface,VPC vpc-082a310dcc24141fe / reviewed security groups,us-east-1,,08259570363a159475b2b63497b521ccce557cadb75d280b9722eec1af26b1fc,SHA-256 computed from retained bytes; Collection date not independently established; original filename retained as provenance; Original filename: image(20261009-155049).png; Unmodified original image; claims limited to the visible configuration/interface; Collection date not established; filesystem modification time not used
EV-004,T-04,A.8.9,08_Evidence/EV-004_Network_Security/README.md,README,Derived audit documentation; existing retained project sources,Scope context: account 623463264556; no new AWS observation,us-east-1,,f7b3f412c7ab6f70affc33cf18775003c34bd60bf4b04d43bfafc3e67a0b6e40,SHA-256 computed from retained bytes; Derived index/analysis or documentary source; not newly collected AWS evidence; Collection date not established; filesystem modification time not used
EV-005,T-05,A.8.9,08_Evidence/EV-005_Logging_Monitoring/EV005-01_CloudTrail_Trails_Overview.png,CloudTrail trails overview.,Original supplied screenshot; AWS console or scanner interface,CloudTrail / CloudWatch / SNS ecommerce-security-alerts,us-east-1,,dc7965b2236f6262c5d21463307594a3d7cfcec49b0f1fdc0bd2bfb0700a747e,SHA-256 computed from retained bytes; Collection date not independently established; original filename retained as provenance; Original filename: image(20261009-161037).png; Unmodified original image; claims limited to the visible configuration/interface; Collection date not established; filesystem modification time not used
EV-005,T-05,A.8.9,08_Evidence/EV-005_Logging_Monitoring/EV005-02_CloudTrail_Trail_Active_MultiRegion.png,CloudTrail ecommerce-security-audit-trail details showing logging status and multi-region configuration.,Original supplied screenshot; AWS console or scanner interface,CloudTrail / CloudWatch / SNS ecommerce-security-alerts,us-east-1,,5075b7909749d2684649ca855d4beba04f556274fe86788b49816e9c5b981609,SHA-256 computed from retained bytes; Collection date not independently established; original filename retained as provenance; Original filename: image(20261009-161329).png; Unmodified original image; claims limited to the visible configuration/interface; Collection date not established; filesystem modification time not used
EV-005,T-05,A.8.9,08_Evidence/EV-005_Logging_Monitoring/EV005-03_CloudWatch_Log_Groups.png,CloudWatch log groups and retention overview.,Original supplied screenshot; AWS console or scanner interface,CloudTrail / CloudWatch / SNS ecommerce-security-alerts,us-east-1,,e3a257b44013093117ee2fe7c1f155947dcaa0ae2926593a88aff7e31c0f07f9,SHA-256 computed from retained bytes; Collection date not independently established; original filename retained as provenance; Original filename: image(20261009-161425).png; Unmodified original image; claims limited to the visible configuration/interface; Collection date not established; filesystem modification time not used
EV-005,T-05,A.8.9,08_Evidence/EV-005_Logging_Monitoring/EV005-04_ALB_Monitoring_Metrics.png,Application Load Balancer monitoring metrics.,Original supplied screenshot; AWS console or scanner interface,CloudTrail / CloudWatch / SNS ecommerce-security-alerts,us-east-1,,10586a93609de7442590be6c51ea15103f2dad08053d6b1a6d6f3ed28622be15,SHA-256 computed from retained bytes; Collection date not independently established; original filename retained as provenance; Original filename: image(20261009-161206).png; Unmodified original image; claims limited to the visible configuration/interface; Collection date not established; filesystem modification time not used
EV-005,T-05,A.8.9,08_Evidence/EV-005_Logging_Monitoring/EV005-05_CloudWatch_EC2_Metrics.png,CloudWatch EC2 monitoring metrics.,Original supplied screenshot; AWS console or scanner interface,CloudTrail / CloudWatch / SNS ecommerce-security-alerts,us-east-1,,e24a70698a02ea4c14ab1df231181b43707f70fa45c62c43c271c3c679e808c2,SHA-256 computed from retained bytes; Collection date not independently established; original filename retained as provenance; Original filename: Capture d'écran 2026-10-09 175206.png; Unmodified original image; claims limited to the visible configuration/interface; Collection date not established; filesystem modification time not used
EV-005,T-05,A.8.9,08_Evidence/EV-005_Logging_Monitoring/EV005-06_CloudWatch_Alarm_Overview.png,CloudWatch alarm overview for EC2 failed / StatusCheckFailed.,Original supplied screenshot; AWS console or scanner interface,CloudTrail / CloudWatch / SNS ecommerce-security-alerts,us-east-1,,ed4b6aeff7a3a596f5d136245c751ae20ac49e10df55ff5df5b555ce4a68dc65,SHA-256 computed from retained bytes; Collection date not independently established; original filename retained as provenance; Original filename: Capture d'écran 2026-10-09 174522.png; Unmodified original image; claims limited to the visible configuration/interface; Collection date not established; filesystem modification time not used
EV-005,T-05,A.8.9,08_Evidence/EV-005_Logging_Monitoring/EV005-07_CloudWatch_EC2_Alarm_Configuration.png,CloudWatch alarm details/configuration for EC2 failed.,Original supplied screenshot; AWS console or scanner interface,CloudTrail / CloudWatch / SNS ecommerce-security-alerts,us-east-1,,bc8defb6535853e88e1a3514b6227c6f4f9af5b6b2bce3aafb9def2a93e92d4b,SHA-256 computed from retained bytes; Collection date not independently established; original filename retained as provenance; Original filename: image(20261009-162353).png; Unmodified original image; claims limited to the visible configuration/interface; Collection date not established; filesystem modification time not used
EV-005,T-05,A.8.9,08_Evidence/EV-005_Logging_Monitoring/EV005-08_CloudWatch_Alarm_SNS_Action.png,CloudWatch alarm action sending notification to ecommerce-security-alerts SNS topic.,Original supplied screenshot; AWS console or scanner interface,CloudTrail / CloudWatch / SNS ecommerce-security-alerts,us-east-1,,c8777a197afcf56c304fb581a971d8f035ed2a31c2d5b74c7469af19b80b416c,SHA-256 computed from retained bytes; Collection date not independently established; original filename retained as provenance; Original filename: image(20261009-162411).png; Unmodified original image; claims limited to the visible configuration/interface; Collection date not established; filesystem modification time not used
EV-005,T-05,A.8.9,08_Evidence/EV-005_Logging_Monitoring/EV005-09_SNS_Subscription_Confirmed.png,SNS subscription confirmation evidence.,Original supplied screenshot; AWS console or scanner interface,CloudTrail / CloudWatch / SNS ecommerce-security-alerts,us-east-1,,67957b9dc7d9eda834e0a94c3b613539722830573ab7d96192175e3db5c9b6ef,SHA-256 computed from retained bytes; Collection date not independently established; original filename retained as provenance; Original filename: image(20261009-162128).png; Unmodified original image; claims limited to the visible configuration/interface; Collection date not established; filesystem modification time not used
EV-005,T-05,A.8.9,08_Evidence/EV-005_Logging_Monitoring/README.md,README,Derived audit documentation; existing retained project sources,Scope context: account 623463264556; no new AWS observation,us-east-1,,7bf7655041db5335319a5c30229de929462014dc4109ae82f95542a04d4df5cf,SHA-256 computed from retained bytes; Derived index/analysis or documentary source; not newly collected AWS evidence; Collection date not established; filesystem modification time not used
EV-006,T-06,A.8.9,08_Evidence/EV-006_Security_Scan/Prowler/Analysis/Prowler_Critical_High_Findings.csv,28-row original extraction; validated against final FAIL Critical/High subset,Original supplied Prowler Critical/High extraction,Scope context: account 623463264556; no new AWS observation,us-east-1,,cadc1b95948f2455b605cc1d4cb6c1db0571ef91813ead3ae22794e57ec50628,SHA-256 computed from retained bytes; Extraction collection date not established; 2 Critical and 26 High rows; Collection date not established; filesystem modification time not used
EV-006,T-06,A.8.9,08_Evidence/EV-006_Security_Scan/Prowler/Analysis/Prowler_Failed_Results_Disposition.csv,Prowler Failed Results Disposition,Derived audit documentation; existing retained project sources,Scope context: account 623463264556; no new AWS observation,us-east-1,,1934c0edc046d252ca9fc52f9fe298d2dce6241ca28e9d10f83fccc353384c1f,SHA-256 computed from retained bytes; Derived index/analysis or documentary source; not newly collected AWS evidence; Collection date not established; filesystem modification time not used
EV-006,T-06,A.8.9,08_Evidence/EV-006_Security_Scan/Prowler/Analysis/README.md,README,Derived audit documentation; existing retained project sources,Scope context: account 623463264556; no new AWS observation,us-east-1,,f928a3ceeb3c4ca7451bd29d365d741db6c79bbeee85a00ef37e8b4fb438b191,SHA-256 computed from retained bytes; Derived index/analysis or documentary source; not newly collected AWS evidence; Collection date not established; filesystem modification time not used
EV-006,T-06,A.8.9,08_Evidence/EV-006_Security_Scan/Prowler/Analysis/Scanner_Comparison.csv,Scanner Comparison,Derived audit documentation; existing retained project sources,Scope context: account 623463264556; no new AWS observation,us-east-1,,7321d483eeae9ae6635192d48f266cb70af5c78b4ecb2a94b02cde1ce33111b5,SHA-256 computed from retained bytes; Derived index/analysis or documentary source; not newly collected AWS evidence; Collection date not established; filesystem modification time not used
EV-006,T-06,A.8.9,08_Evidence/EV-006_Security_Scan/Prowler/README.md,README,Derived audit documentation; existing retained project sources,Scope context: account 623463264556; no new AWS observation,us-east-1,,d50a96a84369982c926f07a57e95e703e7575ca28a4ce77ecb0933701e221a8a,SHA-256 computed from retained bytes; Derived index/analysis or documentary source; not newly collected AWS evidence; Collection date not established; filesystem modification time not used
EV-006,T-06,A.8.9,08_Evidence/EV-006_Security_Scan/Prowler/Raw_Report/Prior_Run/prowler-output-623463264556-20261009202255.csv,Original Prowler prior-run csv report,Original Prowler 5.44.0 scanner output,Scanner report: AWS account 623463264556,us-east-1,2026-10-09,b039e002db10d52cad7b50103fa1841ce3872df0564a35774f6b4171166a5a8c,SHA-256 computed from retained bytes; Run date established by CSV timestamp/original report-set provenance; timezone not specified in CSV; Original scanner bytes unchanged; captured private metadata may be present
EV-006,T-06,A.8.9,08_Evidence/EV-006_Security_Scan/Prowler/Raw_Report/Prior_Run/prowler-output-623463264556-20261009202255.html,Original Prowler prior-run html report,Original Prowler 5.44.0 scanner output,Scanner report: AWS account 623463264556,us-east-1,2026-10-09,25721f493540a69c94c95c5f1bbd06b2a182af56fbb9756e097b3c9c48a21851,SHA-256 computed from retained bytes; Run date established by CSV timestamp/original report-set provenance; timezone not specified in CSV; Original scanner bytes unchanged; captured private metadata may be present
EV-006,T-06,A.8.9,08_Evidence/EV-006_Security_Scan/Prowler/Raw_Report/Prior_Run/prowler-output-623463264556-20261009202255.ocsf.json,Original Prowler prior-run json report,Original Prowler 5.44.0 scanner output,Scanner report: AWS account 623463264556,us-east-1,2026-10-09,ac0628d054e7d3558ebb9fb6ace582e16ebdfae3b91f646c79b6af0d2648059b,SHA-256 computed from retained bytes; Run date established by CSV timestamp/original report-set provenance; timezone not specified in CSV; Original scanner bytes unchanged; captured private metadata may be present
EV-006,T-06,A.8.9,08_Evidence/EV-006_Security_Scan/Prowler/Raw_Report/Prowler_Final_OCSF.json,Original Prowler final-run json report,Original Prowler 5.44.0 scanner output,Scanner report: AWS account 623463264556,us-east-1,2026-10-09,a22b77a0aff236f9f7ac606b1c5cc872ce491880b997225e2f199f9871764322,SHA-256 computed from retained bytes; Run date established by CSV timestamp/original report-set provenance; timezone not specified in CSV; Original scanner bytes unchanged; captured private metadata may be present
EV-006,T-06,A.8.9,08_Evidence/EV-006_Security_Scan/Prowler/Raw_Report/Prowler_Final_Report.html,Original Prowler final-run html report,Original Prowler 5.44.0 scanner output,Scanner report: AWS account 623463264556,us-east-1,2026-10-09,74b7f8aabc43978eff15dde6542e57c34667e8a2790721864fbc5f3b57caa926,SHA-256 computed from retained bytes; Run date established by CSV timestamp/original report-set provenance; timezone not specified in CSV; Original scanner bytes unchanged; captured private metadata may be present
EV-006,T-06,A.8.9,08_Evidence/EV-006_Security_Scan/Prowler/Raw_Report/Prowler_Final_Results.csv,Original Prowler final-run csv report,Original Prowler 5.44.0 scanner output,Scanner report: AWS account 623463264556,us-east-1,2026-10-09,df74038b930ea75d65432fb168ada846b44139d8ceecd0fbd3db0dc1cf025a34,SHA-256 computed from retained bytes; Run date established by CSV timestamp/original report-set provenance; timezone not specified in CSV; Original scanner bytes unchanged; captured private metadata may be present
EV-006,T-06,A.8.9,08_Evidence/EV-006_Security_Scan/Prowler/Screenshots/EV006-P01_Prowler_Execution_and_Caller_Identity.png,"Prowler 5.44.0 execution showing account, us-east-1, and Learner Lab assumed-role caller identity.",Original supplied screenshot; AWS console or scanner interface,Scanner assessment of account 623463264556,us-east-1,2026-10-09,174c42a640eab7093e750985b57e2eeb1d3edb5ad91b6ad503af077a52f5de1b,SHA-256 computed from retained bytes; Visible scan date in screenshot; Original filename: image(20261010-081522).png; Unmodified original image; claims limited to the visible configuration/interface; Same bytes retained for cross-test attribution; not independent corroboration
EV-006,T-06,A.8.9,08_Evidence/EV-006_Security_Scan/Prowler/Screenshots/EV006-P02_Prowler_Selected_High_Findings.png,Prowler targeted Critical/High finding details extracted from CSV.,Original supplied screenshot; AWS console or scanner interface,Scanner assessment of account 623463264556,us-east-1,,9444b41e2f656d4cae83c324bee2a0baaf82720588eaec93115f7da2a1edd887,SHA-256 computed from retained bytes; Collection date not independently established; original filename retained as provenance; Original filename: image(20261010-081541).png; Unmodified original image; claims limited to the visible configuration/interface; Collection date not established; filesystem modification time not used
EV-006,T-06,A.8.9,08_Evidence/EV-006_Security_Scan/Prowler/Screenshots/EV006-P03_Prowler_Completed_Scan_Summary.png,Prowler completed 280 checks and displayed pass/fail overview and report paths.,Original supplied screenshot; AWS console or scanner interface,Scanner assessment of account 623463264556,us-east-1,,8906ec22ada80d04606d90c424950b5d0c65941fb2dcbcb803f38d1c380d3e30,SHA-256 computed from retained bytes; Collection date not independently established; original filename retained as provenance; Original filename: image(20261010-081612).png; Unmodified original image; claims limited to the visible configuration/interface; Collection date not established; filesystem modification time not used
EV-006,T-06,A.8.9,08_Evidence/EV-006_Security_Scan/README.md,README,Derived audit documentation; existing retained project sources,Scope context: account 623463264556; no new AWS observation,us-east-1,,dc31735921549b7f812894840c0009c64b3e750fce937fa0791de51719fb5e95,SHA-256 computed from retained bytes; Derived index/analysis or documentary source; not newly collected AWS evidence; Collection date not established; filesystem modification time not used
EV-006,T-06,A.8.9,08_Evidence/EV-006_Security_Scan/ScoutSuite/README.md,README,Derived audit documentation; existing retained project sources,Scope context: account 623463264556; no new AWS observation,us-east-1,,656516901c92b87c145070889056e43750cc747148034b81219b4d60163966ef,SHA-256 computed from retained bytes; Derived index/analysis or documentary source; not newly collected AWS evidence; Collection date not established; filesystem modification time not used
EV-006,T-06,A.8.9,08_Evidence/EV-006_Security_Scan/ScoutSuite/Raw_Report/ecommerce-security-audit.html,Original ScoutSuite offline HTML findings report,Original ScoutSuite 5.14.0 offline report bundle,Report bundle: AWS account 623463264556,us-east-1,2026-10-10,41a8a9f73f95e378dbf61922fb9b8fbb79b558aed76c75dd26a5ebf56aaca62c,SHA-256 computed from retained bytes; Bundle date from raw last_run.time; asset creation time is not asserted
EV-006,T-06,A.8.9,08_Evidence/EV-006_Security_Scan/ScoutSuite/Raw_Report/inc-bootstrap/css/bootstrap-dark.min.css,Preserved ScoutSuite report asset: bootstrap-dark.min.css,Original ScoutSuite 5.14.0 offline report bundle,Report bundle: AWS account 623463264556,us-east-1,2026-10-10,88615f1078c6e90fad2d1249e7cd97a6ad9bfe16a0146fa927e36df4bc4f794d,SHA-256 computed from retained bytes; Supporting report asset; not independently collected technical evidence; Bundle date from raw last_run.time; asset creation time is not asserted
EV-006,T-06,A.8.9,08_Evidence/EV-006_Security_Scan/ScoutSuite/Raw_Report/inc-bootstrap/css/bootstrap-light.min.css,Preserved ScoutSuite report asset: bootstrap-light.min.css,Original ScoutSuite 5.14.0 offline report bundle,Report bundle: AWS account 623463264556,us-east-1,2026-10-10,2a9c9d145e671e8139109328faf93322943c03f0db1c39052a63680ec0cb0743,SHA-256 computed from retained bytes; Supporting report asset; not independently collected technical evidence; Bundle date from raw last_run.time; asset creation time is not asserted
EV-006,T-06,A.8.9,08_Evidence/EV-006_Security_Scan/ScoutSuite/Raw_Report/inc-bootstrap/css/bootstrap.min.css,Preserved ScoutSuite report asset: bootstrap.min.css,Original ScoutSuite 5.14.0 offline report bundle,Report bundle: AWS account 623463264556,us-east-1,2026-10-10,6b3bef53dc4a96ec07149d02a60b5fd026332bbce0b4ece79f3c55e3ddb85f5c,SHA-256 computed from retained bytes; Supporting report asset; not independently collected technical evidence; Bundle date from raw last_run.time; asset creation time is not asserted
EV-006,T-06,A.8.9,08_Evidence/EV-006_Security_Scan/ScoutSuite/Raw_Report/inc-bootstrap/js/bootstrap.min.js,Preserved ScoutSuite report asset: bootstrap.min.js,Original ScoutSuite 5.14.0 offline report bundle,Report bundle: AWS account 623463264556,us-east-1,2026-10-10,eb795deda8983fa5310627c9584cf3f3b95d272567113500059018b3941cb267,SHA-256 computed from retained bytes; Supporting report asset; not independently collected technical evidence; Bundle date from raw last_run.time; asset creation time is not asserted
EV-006,T-06,A.8.9,08_Evidence/EV-006_Security_Scan/ScoutSuite/Raw_Report/inc-fontawesome/css/all.css,Preserved ScoutSuite report asset: all.css,Original ScoutSuite 5.14.0 offline report bundle,Report bundle: AWS account 623463264556,us-east-1,2026-10-10,3fa5d4565d54968ccd78226b2aca37458d3206ef6978d277d5a0472d5760e13f,SHA-256 computed from retained bytes; Supporting report asset; not independently collected technical evidence; Bundle date from raw last_run.time; asset creation time is not asserted
EV-006,T-06,A.8.9,08_Evidence/EV-006_Security_Scan/ScoutSuite/Raw_Report/inc-fontawesome/css/all.min.css,Preserved ScoutSuite report asset: all.min.css,Original ScoutSuite 5.14.0 offline report bundle,Report bundle: AWS account 623463264556,us-east-1,2026-10-10,481a0574246e281316ffa0e15399bf5388bb81ae550ce0401a0353b6bb2d1e5a,SHA-256 computed from retained bytes; Supporting report asset; not independently collected technical evidence; Bundle date from raw last_run.time; asset creation time is not asserted
EV-006,T-06,A.8.9,08_Evidence/EV-006_Security_Scan/ScoutSuite/Raw_Report/inc-fontawesome/js/all.js,Preserved ScoutSuite report asset: all.js,Original ScoutSuite 5.14.0 offline report bundle,Report bundle: AWS account 623463264556,us-east-1,2026-10-10,1c109eb869478cbbd7cd00ad0e11be14674ba99f6879043e6af1b47286890c38,SHA-256 computed from retained bytes; Supporting report asset; not independently collected technical evidence; Bundle date from raw last_run.time; asset creation time is not asserted
EV-006,T-06,A.8.9,08_Evidence/EV-006_Security_Scan/ScoutSuite/Raw_Report/inc-fontawesome/js/all.min.js,Preserved ScoutSuite report asset: all.min.js,Original ScoutSuite 5.14.0 offline report bundle,Report bundle: AWS account 623463264556,us-east-1,2026-10-10,80f7935587fcf36206dc79d2b46332eca6ff6cc40a12ce09fe66efd02336d97e,SHA-256 computed from retained bytes; Supporting report asset; not independently collected technical evidence; Bundle date from raw last_run.time; asset creation time is not asserted
EV-006,T-06,A.8.9,08_Evidence/EV-006_Security_Scan/ScoutSuite/Raw_Report/inc-fontawesome/webfonts/fa-brands-400.eot,Preserved ScoutSuite report asset: fa-brands-400.eot,Original ScoutSuite 5.14.0 offline report bundle,Report bundle: AWS account 623463264556,us-east-1,2026-10-10,fbe588bb10c5efb4f18033085939a8a24804e60f3eabeb0bedc8d773b2111b19,SHA-256 computed from retained bytes; Supporting report asset; not independently collected technical evidence; Bundle date from raw last_run.time; asset creation time is not asserted
EV-006,T-06,A.8.9,08_Evidence/EV-006_Security_Scan/ScoutSuite/Raw_Report/inc-fontawesome/webfonts/fa-brands-400.svg,Preserved ScoutSuite report asset: fa-brands-400.svg,Original ScoutSuite 5.14.0 offline report bundle,Report bundle: AWS account 623463264556,us-east-1,2026-10-10,e2b365cd3cffb2fc29d3202ebbffd70168e59c0367b5088007673a6230a6fd11,SHA-256 computed from retained bytes; Supporting report asset; not independently collected technical evidence; Bundle date from raw last_run.time; asset creation time is not asserted
EV-006,T-06,A.8.9,08_Evidence/EV-006_Security_Scan/ScoutSuite/Raw_Report/inc-fontawesome/webfonts/fa-brands-400.ttf,Preserved ScoutSuite report asset: fa-brands-400.ttf,Original ScoutSuite 5.14.0 offline report bundle,Report bundle: AWS account 623463264556,us-east-1,2026-10-10,b52e41923dfdc250e4f7914afab339390b49f6834e158e0294cddf71c8f6248b,SHA-256 computed from retained bytes; Supporting report asset; not independently collected technical evidence; Bundle date from raw last_run.time; asset creation time is not asserted
EV-006,T-06,A.8.9,08_Evidence/EV-006_Security_Scan/ScoutSuite/Raw_Report/inc-fontawesome/webfonts/fa-brands-400.woff,Preserved ScoutSuite report asset: fa-brands-400.woff,Original ScoutSuite 5.14.0 offline report bundle,Report bundle: AWS account 623463264556,us-east-1,2026-10-10,eb098ff1725c8819ea67b54d857b6574d20ccfbb2cc451c1fab85fb4d968a62d,SHA-256 computed from retained bytes; Supporting report asset; not independently collected technical evidence; Bundle date from raw last_run.time; asset creation time is not asserted
EV-006,T-06,A.8.9,08_Evidence/EV-006_Security_Scan/ScoutSuite/Raw_Report/inc-fontawesome/webfonts/fa-brands-400.woff2,Preserved ScoutSuite report asset: fa-brands-400.woff2,Original ScoutSuite 5.14.0 offline report bundle,Report bundle: AWS account 623463264556,us-east-1,2026-10-10,eed474a49bdbf745c19e463f070e67977c1ab27835603eb749d9e5c249cf81f8,SHA-256 computed from retained bytes; Supporting report asset; not independently collected technical evidence; Bundle date from raw last_run.time; asset creation time is not asserted
EV-006,T-06,A.8.9,08_Evidence/EV-006_Security_Scan/ScoutSuite/Raw_Report/inc-fontawesome/webfonts/fa-regular-400.eot,Preserved ScoutSuite report asset: fa-regular-400.eot,Original ScoutSuite 5.14.0 offline report bundle,Report bundle: AWS account 623463264556,us-east-1,2026-10-10,c6df1ff9cbe02ea678f5313b35bd7e6e5297277609ca2c32454b618418ce7cea,SHA-256 computed from retained bytes; Supporting report asset; not independently collected technical evidence; Bundle date from raw last_run.time; asset creation time is not asserted
EV-006,T-06,A.8.9,08_Evidence/EV-006_Security_Scan/ScoutSuite/Raw_Report/inc-fontawesome/webfonts/fa-regular-400.svg,Preserved ScoutSuite report asset: fa-regular-400.svg,Original ScoutSuite 5.14.0 offline report bundle,Report bundle: AWS account 623463264556,us-east-1,2026-10-10,7028d257f101edec1472e873fc3cc6335e843a1bac41179c2af5504163b9aad7,SHA-256 computed from retained bytes; Supporting report asset; not independently collected technical evidence; Bundle date from raw last_run.time; asset creation time is not asserted
EV-006,T-06,A.8.9,08_Evidence/EV-006_Security_Scan/ScoutSuite/Raw_Report/inc-fontawesome/webfonts/fa-regular-400.ttf,Preserved ScoutSuite report asset: fa-regular-400.ttf,Original ScoutSuite 5.14.0 offline report bundle,Report bundle: AWS account 623463264556,us-east-1,2026-10-10,8f7bc93b0c9bcfe653e9ca309126481221a74f15ffe19be6f7cff40a011c769d,SHA-256 computed from retained bytes; Supporting report asset; not independently collected technical evidence; Bundle date from raw last_run.time; asset creation time is not asserted
EV-006,T-06,A.8.9,08_Evidence/EV-006_Security_Scan/ScoutSuite/Raw_Report/inc-fontawesome/webfonts/fa-regular-400.woff,Preserved ScoutSuite report asset: fa-regular-400.woff,Original ScoutSuite 5.14.0 offline report bundle,Report bundle: AWS account 623463264556,us-east-1,2026-10-10,9f982c59382f0b1a0f9f53ce2024a1504b9b51e4c371d2bfcca4b5090eb021fe,SHA-256 computed from retained bytes; Supporting report asset; not independently collected technical evidence; Bundle date from raw last_run.time; asset creation time is not asserted
EV-006,T-06,A.8.9,08_Evidence/EV-006_Security_Scan/ScoutSuite/Raw_Report/inc-fontawesome/webfonts/fa-regular-400.woff2,Preserved ScoutSuite report asset: fa-regular-400.woff2,Original ScoutSuite 5.14.0 offline report bundle,Report bundle: AWS account 623463264556,us-east-1,2026-10-10,0ecdc6188a4b2ec48e2ebf84a2a6584e78473f1216d7119832b5dc109bec7492,SHA-256 computed from retained bytes; Supporting report asset; not independently collected technical evidence; Bundle date from raw last_run.time; asset creation time is not asserted
EV-006,T-06,A.8.9,08_Evidence/EV-006_Security_Scan/ScoutSuite/Raw_Report/inc-fontawesome/webfonts/fa-solid-900.eot,Preserved ScoutSuite report asset: fa-solid-900.eot,Original ScoutSuite 5.14.0 offline report bundle,Report bundle: AWS account 623463264556,us-east-1,2026-10-10,80b515c5dde09d7b33f75dc382b4c91b9db20fdb1a9978b671e425c98e42b2cd,SHA-256 computed from retained bytes; Supporting report asset; not independently collected technical evidence; Bundle date from raw last_run.time; asset creation time is not asserted
EV-006,T-06,A.8.9,08_Evidence/EV-006_Security_Scan/ScoutSuite/Raw_Report/inc-fontawesome/webfonts/fa-solid-900.svg,Preserved ScoutSuite report asset: fa-solid-900.svg,Original ScoutSuite 5.14.0 offline report bundle,Report bundle: AWS account 623463264556,us-east-1,2026-10-10,57a8aa7d3d3ac8029144397b726f92729010d83a6ccb031937d911a1a63e5fba,SHA-256 computed from retained bytes; Supporting report asset; not independently collected technical evidence; Bundle date from raw last_run.time; asset creation time is not asserted
EV-006,T-06,A.8.9,08_Evidence/EV-006_Security_Scan/ScoutSuite/Raw_Report/inc-fontawesome/webfonts/fa-solid-900.ttf,Preserved ScoutSuite report asset: fa-solid-900.ttf,Original ScoutSuite 5.14.0 offline report bundle,Report bundle: AWS account 623463264556,us-east-1,2026-10-10,2e9112db77640346bf93bc6031a2e2ede793324533273de02c61345d39b70d26,SHA-256 computed from retained bytes; Supporting report asset; not independently collected technical evidence; Bundle date from raw last_run.time; asset creation time is not asserted
EV-006,T-06,A.8.9,08_Evidence/EV-006_Security_Scan/ScoutSuite/Raw_Report/inc-fontawesome/webfonts/fa-solid-900.woff,Preserved ScoutSuite report asset: fa-solid-900.woff,Original ScoutSuite 5.14.0 offline report bundle,Report bundle: AWS account 623463264556,us-east-1,2026-10-10,e14bf8513c6848f983ed24852e9700dec95589b748e26bacd6b2ca7dc9bb2aee,SHA-256 computed from retained bytes; Supporting report asset; not independently collected technical evidence; Bundle date from raw last_run.time; asset creation time is not asserted
EV-006,T-06,A.8.9,08_Evidence/EV-006_Security_Scan/ScoutSuite/Raw_Report/inc-fontawesome/webfonts/fa-solid-900.woff2,Preserved ScoutSuite report asset: fa-solid-900.woff2,Original ScoutSuite 5.14.0 offline report bundle,Report bundle: AWS account 623463264556,us-east-1,2026-10-10,f419ad7a4477f36ce73c74a23dce784150ca38fa5075a8e06109709cbb716903,SHA-256 computed from retained bytes; Supporting report asset; not independently collected technical evidence; Bundle date from raw last_run.time; asset creation time is not asserted
EV-006,T-06,A.8.9,08_Evidence/EV-006_Security_Scan/ScoutSuite/Raw_Report/inc-handlebars/handlebars-v3.0.0.js,Preserved ScoutSuite report asset: handlebars-v3.0.0.js,Original ScoutSuite 5.14.0 offline report bundle,Report bundle: AWS account 623463264556,us-east-1,2026-10-10,b8c21f31aebba583306cfc53b1d175bf576f9052df67d0cf6698c641f8bee832,SHA-256 computed from retained bytes; Supporting report asset; not independently collected technical evidence; Bundle date from raw last_run.time; asset creation time is not asserted
EV-006,T-06,A.8.9,08_Evidence/EV-006_Security_Scan/ScoutSuite/Raw_Report/inc-jquery/jquery-3.3.1.min.js,Preserved ScoutSuite report asset: jquery-3.3.1.min.js,Original ScoutSuite 5.14.0 offline report bundle,Report bundle: AWS account 623463264556,us-east-1,2026-10-10,160a426ff2894252cd7cebbdd6d6b7da8fcd319c65b70468f10b6690c45d02ef,SHA-256 computed from retained bytes; Supporting report asset; not independently collected technical evidence; Bundle date from raw last_run.time; asset creation time is not asserted
EV-006,T-06,A.8.9,08_Evidence/EV-006_Security_Scan/ScoutSuite/Raw_Report/inc-scoutsuite/css/modal.css,Preserved ScoutSuite report asset: modal.css,Original ScoutSuite 5.14.0 offline report bundle,Report bundle: AWS account 623463264556,us-east-1,2026-10-10,c0e786133a898c41b16edd984530e77adfaec900f8495b96e79554cc45197553,SHA-256 computed from retained bytes; Supporting report asset; not independently collected technical evidence; Bundle date from raw last_run.time; asset creation time is not asserted
EV-006,T-06,A.8.9,08_Evidence/EV-006_Security_Scan/ScoutSuite/Raw_Report/inc-scoutsuite/css/scoutsuite-dark.css,Preserved ScoutSuite report asset: scoutsuite-dark.css,Original ScoutSuite 5.14.0 offline report bundle,Report bundle: AWS account 623463264556,us-east-1,2026-10-10,21fcb7988201ad250acd85148064d7501fec3dbb65d916ce3c119631526277a1,SHA-256 computed from retained bytes; Supporting report asset; not independently collected technical evidence; Bundle date from raw last_run.time; asset creation time is not asserted
EV-006,T-06,A.8.9,08_Evidence/EV-006_Security_Scan/ScoutSuite/Raw_Report/inc-scoutsuite/css/scoutsuite-light.css,Preserved ScoutSuite report asset: scoutsuite-light.css,Original ScoutSuite 5.14.0 offline report bundle,Report bundle: AWS account 623463264556,us-east-1,2026-10-10,d597afc5e10b02bb1db7cdc8aee6db3f91d33f59f363d58cf5edd81c29e611f3,SHA-256 computed from retained bytes; Supporting report asset; not independently collected technical evidence; Bundle date from raw last_run.time; asset creation time is not asserted
EV-006,T-06,A.8.9,08_Evidence/EV-006_Security_Scan/ScoutSuite/Raw_Report/inc-scoutsuite/css/scoutsuite.css,Preserved ScoutSuite report asset: scoutsuite.css,Original ScoutSuite 5.14.0 offline report bundle,Report bundle: AWS account 623463264556,us-east-1,2026-10-10,9777af806a01403b8968fe7d92b748a83a4caad9be57474159abeb3ae72d8fdc,SHA-256 computed from retained bytes; Supporting report asset; not independently collected technical evidence; Bundle date from raw last_run.time; asset creation time is not asserted
EV-006,T-06,A.8.9,08_Evidence/EV-006_Security_Scan/ScoutSuite/Raw_Report/inc-scoutsuite/favicon.ico,Preserved ScoutSuite report asset: favicon.ico,Original ScoutSuite 5.14.0 offline report bundle,Report bundle: AWS account 623463264556,us-east-1,2026-10-10,46d7c5801cbc1bc3254d834cef10f327fb09cf07d509b52f0fb7ece24e0d755a,SHA-256 computed from retained bytes; Supporting report asset; not independently collected technical evidence; Bundle date from raw last_run.time; asset creation time is not asserted
EV-006,T-06,A.8.9,08_Evidence/EV-006_Security_Scan/ScoutSuite/Raw_Report/inc-scoutsuite/helpers.js,Preserved ScoutSuite report asset: helpers.js,Original ScoutSuite 5.14.0 offline report bundle,Report bundle: AWS account 623463264556,us-east-1,2026-10-10,6165dd58b9f7c7764d423ef9259adc94b429b6a734567563efa8a03142c0ccbc,SHA-256 computed from retained bytes; Supporting report asset; not independently collected technical evidence; Bundle date from raw last_run.time; asset creation time is not asserted
EV-006,T-06,A.8.9,08_Evidence/EV-006_Security_Scan/ScoutSuite/Raw_Report/inc-scoutsuite/pagination.js,Preserved ScoutSuite report asset: pagination.js,Original ScoutSuite 5.14.0 offline report bundle,Report bundle: AWS account 623463264556,us-east-1,2026-10-10,dbec02d53a2a8ec0bf2caab6fc856719a15c06c8b3d6ddcf041360cdb9c30121,SHA-256 computed from retained bytes; Supporting report asset; not independently collected technical evidence; Bundle date from raw last_run.time; asset creation time is not asserted
EV-006,T-06,A.8.9,08_Evidence/EV-006_Security_Scan/ScoutSuite/Raw_Report/inc-scoutsuite/provider.js,Preserved ScoutSuite report asset: provider.js,Original ScoutSuite 5.14.0 offline report bundle,Report bundle: AWS account 623463264556,us-east-1,2026-10-10,82686e7b8722120456b251e5e5e0b59831a14db39031359a1e9d8c86c37215b9,SHA-256 computed from retained bytes; Supporting report asset; not independently collected technical evidence; Bundle date from raw last_run.time; asset creation time is not asserted
EV-006,T-06,A.8.9,08_Evidence/EV-006_Security_Scan/ScoutSuite/Raw_Report/inc-scoutsuite/scoutsuite.js,Preserved ScoutSuite report asset: scoutsuite.js,Original ScoutSuite 5.14.0 offline report bundle,Report bundle: AWS account 623463264556,us-east-1,2026-10-10,cf5499dda78d8ce3d5c2fc2a3099ea3c05f7c7377f319eef1e4040c04197ef58,SHA-256 computed from retained bytes; Supporting report asset; not independently collected technical evidence; Bundle date from raw last_run.time; asset creation time is not asserted
EV-006,T-06,A.8.9,08_Evidence/EV-006_Security_Scan/ScoutSuite/Raw_Report/inc-scoutsuite/sqlite.js,Preserved ScoutSuite report asset: sqlite.js,Original ScoutSuite 5.14.0 offline report bundle,Report bundle: AWS account 623463264556,us-east-1,2026-10-10,721eb084769e0999c976e97139a18e9ff4d0718ba412ce54795c7ef409fee08e,SHA-256 computed from retained bytes; Supporting report asset; not independently collected technical evidence; Bundle date from raw last_run.time; asset creation time is not asserted
EV-006,T-06,A.8.9,08_Evidence/EV-006_Security_Scan/ScoutSuite/Raw_Report/inc-scoutsuite/theme.js,Preserved ScoutSuite report asset: theme.js,Original ScoutSuite 5.14.0 offline report bundle,Report bundle: AWS account 623463264556,us-east-1,2026-10-10,001f261cda838f5f3f672217d8b41c2fbedf89ad1be11756350724cab4be2588,SHA-256 computed from retained bytes; Supporting report asset; not independently collected technical evidence; Bundle date from raw last_run.time; asset creation time is not asserted
EV-006,T-06,A.8.9,08_Evidence/EV-006_Security_Scan/ScoutSuite/Raw_Report/scoutsuite-results/scoutsuite_errors_ecommerce-security-audit.json,Original ScoutSuite collection-error report (31 records),Original ScoutSuite 5.14.0 offline report bundle,Report bundle: AWS account 623463264556,us-east-1,2026-10-10,e3e83756d2d2e17836c4dd8c0870e46db7249ba0e110d84bc04488f0f5c13d5d,SHA-256 computed from retained bytes; Bundle date from raw last_run.time; asset creation time is not asserted
EV-006,T-06,A.8.9,08_Evidence/EV-006_Security_Scan/ScoutSuite/Raw_Report/scoutsuite-results/scoutsuite_exceptions_ecommerce-security-audit.js,Original ScoutSuite exceptions file,Original ScoutSuite 5.14.0 offline report bundle,Report bundle: AWS account 623463264556,us-east-1,2026-10-10,8b31907ba94174d48599b62fc3b125cf6e8d0c3258f98684bf8901723829e0de,SHA-256 computed from retained bytes; Bundle date from raw last_run.time; asset creation time is not asserted
EV-006,T-06,A.8.9,08_Evidence/EV-006_Security_Scan/ScoutSuite/Raw_Report/scoutsuite-results/scoutsuite_results_ecommerce-security-audit.js,Original ScoutSuite AWS configuration result data,Original ScoutSuite 5.14.0 offline report bundle,Report bundle: AWS account 623463264556,us-east-1,2026-10-10,1e3d02fe6fa2178f01e1bc68726a9849fbe4a1ca996719186b768d1521bdfead,SHA-256 computed from retained bytes; Bundle date from raw last_run.time; asset creation time is not asserted
EV-006,T-06,A.8.9,08_Evidence/EV-006_Security_Scan/ScoutSuite/Screenshots/EV006-S01_ScoutSuite_Overall_Dashboard.png,Visually inspected ScoutSuite Overall Dashboard screenshot,Original supplied screenshot; AWS console or scanner interface,Scanner assessment of account 623463264556,us-east-1,,8c93f3b505d1095374bc1acd6568c2d51bf1d9fd0a6ec7dbcc132cd43fb4465d,SHA-256 computed from retained bytes; Original capture filename indicates 2026-10-10; actual capture timestamp not independently authenticated; Original filename: Capture d'écran 2026-10-10 121629.png; Unmodified original image; claims limited to the visible configuration/interface; Collection date not established; filesystem modification time not used
EV-006,T-06,A.8.9,08_Evidence/EV-006_Security_Scan/ScoutSuite/Screenshots/EV006-S02_ScoutSuite_CloudTrail_Findings.png,Visually inspected ScoutSuite CloudTrail Findings screenshot,Original supplied screenshot; AWS console or scanner interface,Scanner assessment of account 623463264556,us-east-1,,c56870133ada2596afe7fa25a1eff760e250aed721475e963605b405534b9807,SHA-256 computed from retained bytes; Original capture filename indicates 2026-10-10; actual capture timestamp not independently authenticated; Original filename: Capture d'écran 2026-10-10 121713.png; Unmodified original image; claims limited to the visible configuration/interface; Collection date not established; filesystem modification time not used
EV-006,T-06,A.8.9,08_Evidence/EV-006_Security_Scan/ScoutSuite/Screenshots/EV006-S03_ScoutSuite_CloudWatch_Findings.png,Visually inspected ScoutSuite CloudWatch Findings screenshot,Original supplied screenshot; AWS console or scanner interface,Scanner assessment of account 623463264556,us-east-1,,8e5123fe62116755f36e97264111485d747f6d1b97106fb11792fdac13fd3405,SHA-256 computed from retained bytes; Original capture filename indicates 2026-10-10; actual capture timestamp not independently authenticated; Original filename: Capture d'écran 2026-10-10 121736.png; Unmodified original image; claims limited to the visible configuration/interface; Collection date not established; filesystem modification time not used
EV-006,T-06,A.8.9,08_Evidence/EV-006_Security_Scan/ScoutSuite/Screenshots/EV006-S04_ScoutSuite_EC2_Findings.png,Visually inspected ScoutSuite EC2 Findings screenshot,Original supplied screenshot; AWS console or scanner interface,Scanner assessment of account 623463264556,us-east-1,,6f938fab55b2957cb9c78f8126542b0c082d1d9dd4e3093a2981e3d513505bec,SHA-256 computed from retained bytes; Original capture filename indicates 2026-10-10; actual capture timestamp not independently authenticated; Original filename: Capture d'écran 2026-10-10 121810.png; Unmodified original image; claims limited to the visible configuration/interface; Collection date not established; filesystem modification time not used
EV-006,T-06,A.8.9,08_Evidence/EV-006_Security_Scan/ScoutSuite/Screenshots/EV006-S05_ScoutSuite_KMS_Findings.png,Visually inspected ScoutSuite KMS Findings screenshot,Original supplied screenshot; AWS console or scanner interface,Scanner assessment of account 623463264556,us-east-1,,80d19292d8bccfb744177bbbe2a654c68e1bb2c6a993732b72bacd6be0e4744b,SHA-256 computed from retained bytes; Original capture filename indicates 2026-10-10; actual capture timestamp not independently authenticated; Original filename: Capture d'écran 2026-10-10 121838.png; Unmodified original image; claims limited to the visible configuration/interface; Collection date not established; filesystem modification time not used
EV-006,T-06,A.8.9,08_Evidence/EV-006_Security_Scan/ScoutSuite/Screenshots/EV006-S06_ScoutSuite_RDS_Findings.png,Visually inspected ScoutSuite RDS Findings screenshot,Original supplied screenshot; AWS console or scanner interface,Scanner assessment of account 623463264556,us-east-1,,defc846b872112ffdeee666ed64dce917c67ac892e7f96666b51f0e077a7367a,SHA-256 computed from retained bytes; Original capture filename indicates 2026-10-10; actual capture timestamp not independently authenticated; Original filename: Capture d'écran 2026-10-10 121906.png; Unmodified original image; claims limited to the visible configuration/interface; Collection date not established; filesystem modification time not used
EV-006,T-06,A.8.9,08_Evidence/EV-006_Security_Scan/ScoutSuite/Screenshots/EV006-S07_ScoutSuite_IAM_Findings.png,Visually inspected ScoutSuite IAM Findings screenshot,Original supplied screenshot; AWS console or scanner interface,Scanner assessment of account 623463264556,us-east-1,,92164323ca30355bf2613f5ac2b92ba2f8d7b0af14083e70ccbb017fce23c79e,SHA-256 computed from retained bytes; Original capture filename indicates 2026-10-10; actual capture timestamp not independently authenticated; Original filename: Capture d'écran 2026-10-10 121927.png; Unmodified original image; claims limited to the visible configuration/interface; Collection date not established; filesystem modification time not used
EV-006,T-06,A.8.9,08_Evidence/EV-006_Security_Scan/ScoutSuite/Screenshots/EV006-S08_ScoutSuite_VPC_Findings.png,Visually inspected ScoutSuite VPC Findings screenshot,Original supplied screenshot; AWS console or scanner interface,Scanner assessment of account 623463264556,us-east-1,,6c34fd3d39ae47fe64b5c9a503b4ee2c3f810c67b3a8fabe199b7da7bc712188,SHA-256 computed from retained bytes; Original capture filename indicates 2026-10-10; actual capture timestamp not independently authenticated; Original filename: Capture d'écran 2026-10-10 121947.png; Unmodified original image; claims limited to the visible configuration/interface; Collection date not established; filesystem modification time not used
EV-007,T-07,A.8.9,08_Evidence/EV-007_Lab_Limitations/EV007-01_LearnerLab_Assumed_Role_Evidence.png,Cross-referenced Prowler execution screenshot showing AWS Academy/Vocareum assumed-role caller identity.,Original supplied screenshot; AWS console or scanner interface,AWS Academy/Vocareum access / permission denial,us-east-1,2026-10-09,174c42a640eab7093e750985b57e2eeb1d3edb5ad91b6ad503af077a52f5de1b,SHA-256 computed from retained bytes; Visible scan date in screenshot; Original filename: image(20261010-081522).png; Unmodified original image; claims limited to the visible configuration/interface; Same bytes retained for cross-test attribution; not independent corroboration
EV-007,T-07,A.8.9,08_Evidence/EV-007_Lab_Limitations/EV007-02_CloudTrail_CloudWatch_AttachRolePolicy_AccessDenied.png,CloudTrail-to-CloudWatch Logs configuration attempt denied because the voclabs assumed role is not authorized to perform iam:AttachRolePolicy on LabRole.,Original supplied screenshot; AWS console or scanner interface,AWS Academy/Vocareum access / permission denial,us-east-1,,ce800bbf116c82aa43a4f2d9c934c3914605e50f5ab2f785d359051b45f17285,SHA-256 computed from retained bytes; Collection date not independently established; original filename retained as provenance; Original filename: image(20261010-090500).png; Unmodified original image; claims limited to the visible configuration/interface; Collection date not established; filesystem modification time not used
EV-007,T-07,A.8.9,08_Evidence/EV-007_Lab_Limitations/EV007-03_CloudTrail_Dashboard_AccessDenied.png,CloudTrail dashboard displays AccessDeniedException and states that the session does not have permission to access the resource.,Original supplied screenshot; AWS console or scanner interface,AWS Academy/Vocareum access / permission denial,us-east-1,,1f5446493f317428a8a09e4776b4248f84150b87c5d6bee36662a0b4360c7c06,SHA-256 computed from retained bytes; Collection date not independently established; original filename retained as provenance; Original filename: Capture d'écran 2026-10-10 110312.png; Unmodified original image; claims limited to the visible configuration/interface; Collection date not established; filesystem modification time not used
EV-007,T-07,A.8.9,08_Evidence/EV-007_Lab_Limitations/EV007-04_IAM_CreateUser_AccessDenied.png,IAM user creation denied: voclabs assumed role is not authorized to perform iam:CreateUser.,Original supplied screenshot; AWS console or scanner interface,AWS Academy/Vocareum access / permission denial,us-east-1,,9ea77fa77f5032501ce4c6641fe57d48c29f867c951ee5d6675f20c099304015,SHA-256 computed from retained bytes; Collection date not independently established; original filename retained as provenance; Original filename: Capture d'écran 2026-10-09 165216.png; Unmodified original image; claims limited to the visible configuration/interface; Collection date not established; filesystem modification time not used
EV-007,T-07,A.8.9,08_Evidence/EV-007_Lab_Limitations/Limitations_Register.csv,Limitations Register,Derived audit documentation; existing retained project sources,Scope context: account 623463264556; no new AWS observation,us-east-1,,a23269486764bbe44c7cfdc37bd258ff589b03954c77ebf9054c0b9ceacf94c0,SHA-256 computed from retained bytes; Derived index/analysis or documentary source; not newly collected AWS evidence; Collection date not established; filesystem modification time not used
EV-007,T-07,A.8.9,08_Evidence/EV-007_Lab_Limitations/README.md,README,Derived audit documentation; existing retained project sources,Scope context: account 623463264556; no new AWS observation,us-east-1,,f57b5751c5599fde419e34fb5aa66944159d97ab0e77cadae42686146a567538,SHA-256 computed from retained bytes; Derived index/analysis or documentary source; not newly collected AWS evidence; Collection date not established; filesystem modification time not used
EV-001;EV-002;EV-003;EV-004;EV-005;EV-006;EV-007,T-01;T-02;T-03;T-04;T-05;T-06;T-07,A.5.23;A.5.15;A.8.9,08_Evidence/Evidence_Handling.md,Evidence Handling,Derived audit documentation; existing retained project sources,Scope context: account 623463264556; no new AWS observation,us-east-1,,e8e1d3123bfa8b14f70372f2e530653e612338987da17decf5e0b6e104529404,SHA-256 computed from retained bytes; Derived index/analysis or documentary source; not newly collected AWS evidence; Collection date not established; filesystem modification time not used
EV-001;EV-002;EV-003;EV-004;EV-005;EV-006;EV-007,T-01;T-02;T-03;T-04;T-05;T-06;T-07,A.5.23;A.5.15;A.8.9,08_Evidence/Evidence_Naming_Guide.md,Evidence Naming Guide,Derived audit documentation; existing retained project sources,Scope context: account 623463264556; no new AWS observation,us-east-1,,fe71e776c6a51bd320f8adf4f69bcfa29747d1014282d4a6d1d10e687b28c71e,SHA-256 computed from retained bytes; Derived index/analysis or documentary source; not newly collected AWS evidence; Collection date not established; filesystem modification time not used
EV-001;EV-002;EV-003;EV-004;EV-005;EV-006;EV-007,T-01;T-02;T-03;T-04;T-05;T-06;T-07,A.5.23;A.5.15;A.8.9,08_Evidence/README.md,README,Derived audit documentation; existing retained project sources,Scope context: account 623463264556; no new AWS observation,us-east-1,,84dc27af60e9b97d293caea596fe0fb765733956a503bb9c1534f060c172f31e,SHA-256 computed from retained bytes; Derived index/analysis or documentary source; not newly collected AWS evidence; Collection date not established; filesystem modification time not used
