Limitation_ID,Description,Evidence_Basis,Source_Path,Interpretation
L-01,RDS db.t4g.micro capacity unavailable in us-east-1a,Secondary Session 2 narrative; primary error capture absent,09_Test_Results/Session_2_Final_Audit_Execution.docx,Historical narrative retained; provider error cannot be independently reproduced from retained primary evidence.
L-02,EC2 StartInstances attributed to a Vocareum assumed role,Secondary Session 2 narrative; primary event export absent,09_Test_Results/Session_2_Final_Audit_Execution.docx,Narrative records 09 Oct 2026 02:40:22 UTC+02; exact platform workflow and raw event are not established here.
L-03,WSL read-only filesystem and Prowler installation I/O failure,Secondary setup/session narrative; original terminal log absent,05_Setup/03_Prowler_Installation.md;09_Test_Results/Session_2_Final_Audit_Execution.docx,"Local tooling incident, not an AWS configuration vulnerability."
L-04,iam:AttachRolePolicy AccessDenied on LabRole,Direct screenshot,08_Evidence/EV-007_Lab_Limitations/EV007-02_CloudTrail_CloudWatch_AttachRolePolicy_AccessDenied.png,Integration attempt denied; CloudTrail S3 logging remains evidenced.
L-05,CloudTrail console AccessDenied,Direct screenshot,08_Evidence/EV-007_Lab_Limitations/EV007-03_CloudTrail_Dashboard_AccessDenied.png,A denied console operation does not establish that all CloudTrail visibility is unavailable.
L-06,iam:CreateUser AccessDenied,Direct screenshot,08_Evidence/EV-007_Lab_Limitations/EV007-04_IAM_CreateUser_AccessDenied.png,No project-controlled permanent IAM user creation established.
L-07,Secrets Manager restrictive-policy ambiguity,Raw Prowler result,08_Evidence/EV-006_Security_Scan/Prowler/Raw_Report/Prowler_Final_Results.csv,Check secretsmanager_has_restrictive_resource_policy says policy absent OR inspection denied; inconclusive.
L-08,Temporary STS assumed-role access / AWS Academy-Vocareum role model,Direct identity capture,08_Evidence/EV-007_Lab_Limitations/EV007-01_LearnerLab_Assumed_Role_Evidence.png,Permission scope is limited; upstream MFA cannot be inferred from an assumed-role session flag.
L-09,Temporary AWS session expiry,Documented access-model constraint; direct AWS expiry capture absent,05_Setup/02_AWS_CLI_Authentication.md,Application session-expiry screenshot is separate context and does not prove AWS expiry.
L-10,Scanner visibility restrictions,Raw scanner collection errors,08_Evidence/EV-006_Security_Scan/ScoutSuite/Raw_Report/scoutsuite-results/scoutsuite_errors_ecommerce-security-audit.json,31 error records retained; usable reports do not imply complete enumeration.
