Action ID,Finding ID,Finding,Risk,Root cause,Corrective action,Priority,Owner,Target timing,Closure evidence,Lab restriction treatment,Implementation status
AC-01,F-01,Internet-exposed SSH,High,EC2 SG permits TCP/22 from 0.0.0.0/0,Remove Internet-wide SSH and restrict management to trusted source or approved managed access,Immediate / P1,Cloud/Application administrator,Proposed: Within 1 business day of plan adoption; before production-like use,SG export confirms no Internet-wide TCP/22 rule; approved management connectivity succeeds; repeated relevant scanner checks no longer fail.,Requires action by the AWS Academy/Vocareum environment owner or implementation in a full AWS account.,Planned; remediation not verified
AC-02,F-02,Unencrypted EBS,High,Affected EBS volume is unencrypted; regional EBS encryption-by-default is disabled,Migrate/replace volume with encrypted EBS and enable EBS encryption by default where permitted,Immediate / P1,Cloud/Application administrator,Proposed: Within 7 days of plan adoption; before sensitive-data storage,"Affected replacement EBS volume has Encrypted=true and application validation succeeds; regional default EBS encryption is enabled. A denied action is a documented exception, not remediation closure.",Requires action by the AWS Academy/Vocareum environment owner or implementation in a full AWS account.,Planned; remediation not verified
AC-03,F-03,Cognito MFA not enforced,Medium,MFA enforcement disabled in Cognito,Require MFA for privileged users and preferably all users according to application risk,P2,Application identity owner,Proposed: Within 14 days of plan adoption,Approved Cognito MFA policy is enforced for all required users; privileged-user sign-in requires the second factor; recovery flow tested.,Requires action by the AWS Academy/Vocareum environment owner or implementation in a full AWS account.,Planned; remediation not verified
AC-04,F-04,CloudTrail validation disabled,Low,Trail integrity validation not enabled,Enable CloudTrail log-file validation where permitted,P3,Cloud administrator,Proposed: Within 30 days of plan adoption,Trail export shows LogFileValidationEnabled=true and digest delivery/integrity validation is evidenced.,Requires action by the AWS Academy/Vocareum environment owner or implementation in a full AWS account.,Planned; remediation not verified
AC-05,F-05,No explicit log retention policy,Low,CloudWatch log groups left at Never expire,Define approved retention period and configure log-group retention,P3,Cloud administrator / audit owner,Proposed: Within 30 days of plan adoption,Approved retention schedule specifies days and rationale for every in-scope group; exports match approved retentionInDays; platform-owned groups have documented owner treatment.,Requires action by the AWS Academy/Vocareum environment owner or implementation in a full AWS account.,Planned; remediation not verified
AC-06,F-06,S3 account-level BPA absent,Medium,Account-wide S3 guardrail not configured,Enable S3 account-level Block Public Access unless an approved exception requires otherwise,P2,Cloud administrator,Proposed: Within 14 days of plan adoption,"Account export shows all four S3 Block Public Access settings enabled, or approved exception states the exact alternative protection and owner; audited bucket guardrails stay enabled.",Requires action by the AWS Academy/Vocareum environment owner or implementation in a full AWS account.,Planned; remediation not verified
AC-07,F-07,SNS not KMS encrypted,Medium,SNS topic encryption not enabled,Enable KMS encryption for ecommerce-security-alerts where supported,P2,Cloud administrator,Proposed: Within 14 days of plan adoption,SNS export shows KmsMasterKeyId; approved key policy allows alarm delivery; test notification succeeds.,Requires action by the AWS Academy/Vocareum environment owner or implementation in a full AWS account.,Planned; remediation not verified
AC-08,F-08,RDS resilience/backup hardening,Medium,Single-AZ/short retention/no AWS Backup plan reported,Define RPO/RTO and increase backup retention; consider Multi-AZ/AWS Backup outside lab constraints,P2,Database/cloud owner,Proposed: Within 30 days of plan adoption; before production deployment,Approved RPO/RTO and numeric retention are recorded; RDS backup settings meet them; a restore test meets the targets; Multi-AZ/AWS Backup decision is justified.,Requires action by the AWS Academy/Vocareum environment owner or implementation in a full AWS account.,Planned; remediation not verified
AC-09,F-09,Potential stale TCP/5543 rule,Low,Security-group rule purpose not documented,Verify service dependency and remove TCP/5543 rule if unused,P3,Cloud/Application administrator,Proposed: Within 14 days of plan adoption,Rule dependency review records approval; unused TCP/5543 rule absent from SG export and application TCP/5432 connectivity validated; retained rule has approved purpose/source.,Requires action by the AWS Academy/Vocareum environment owner or implementation in a full AWS account.,Planned; remediation not verified
AC-10,F-10,NACL/Flow Log hardening,Medium,Default NACL posture and no VPC Flow Logs,Review NACL design and enable VPC Flow Logs for relevant network scope where permitted,P3,Cloud administrator,Proposed: Within 30 days of plan adoption,Reviewed NACL decision records required paths; in-scope VPC/subnet Flow Logs are active and sample records delivered; connectivity validated or exact lab restriction documented.,Requires action by the AWS Academy/Vocareum environment owner or implementation in a full AWS account.,Planned; remediation not verified
